timestamp,frame_no,x,y,w,h,area,perimeter,circularity,aspect_ratio,extent,solidity,mean_intensity,label
2026-02-20T19:39:16.731473,1,255,185,4,5,11.0,12.828427076339722,0.8399544390775809,0.8,0.55,1.0,202.9,Plastic
2026-02-20T19:39:16.731865,1,204,15,3,5,8.0,12.0,0.6981317007977318,0.6,0.5333333333333333,1.0,202.33333333333334,Plastic
2026-02-20T19:39:16.732174,1,578,3,6,3,10.0,14.0,0.641141357875468,2.0,0.5555555555555556,1.0,230.83333333333334,Plastic
2026-02-20T19:39:16.732351,1,223,0,3,4,6.0,10.0,0.7539822368615503,0.75,0.5,1.0,190.66666666666666,Plastic
2026-02-20T19:39:16.732963,1,192,0,6,9,26.5,24.242640614509583,0.5666252077600739,0.6666666666666666,0.49074074074074076,0.8412698412698413,199.4814814814815,Plastic
2026-02-20T19:39:16.838722,2,424,468,6,5,16.5,16.242640614509583,0.7859239759138743,1.2,0.55,0.9705882352941176,212.16666666666666,Plastic
2026-02-20T19:39:16.839481,2,378,403,19,6,59.0,42.485281229019165,0.41075691260820346,3.1666666666666665,0.5175438596491229,0.8309859154929577,193.02631578947367,Other
2026-02-20T19:39:16.839843,2,252,373,6,3,10.0,14.0,0.641141357875468,2.0,0.5555555555555556,1.0,203.77777777777777,Plastic
2026-02-20T19:39:16.840393,2,635,354,5,5,10.5,14.242640614509583,0.6504563104738692,1.0,0.42,0.875,191.48,Plastic
2026-02-20T19:39:16.840875,2,623,350,8,7,30.5,23.071067690849304,0.7200693352702102,1.1428571428571428,0.5446428571428571,0.9104477611940298,188.14285714285714,Plastic
2026-02-20T19:39:16.841364,2,248,315,37,9,165.0,86.97056245803833,0.2741253825204335,4.111111111111111,0.4954954954954955,0.744920993227991,185.2912912912913,Other
2026-02-20T19:39:16.842090,2,256,303,14,9,65.5,37.899494767189026,0.5730391883750512,1.5555555555555556,0.5198412698412699,0.8136645962732919,188.55555555555554,Plastic
2026-02-20T19:39:16.842424,2,502,300,6,4,14.0,14.828427076339722,0.8001063703614795,1.5,0.5833333333333334,1.0,195.95833333333334,Plastic
2026-02-20T19:39:16.842748,2,251,294,10,4,22.0,22.82842707633972,0.5304941111487503,2.5,0.55,0.9166666666666666,198.125,Plastic
2026-02-20T19:39:16.843157,2,235,293,9,11,51.5,30.72792160511017,0.6854104487319838,0.8181818181818182,0.5202020202020202,0.8583333333333333,196.76767676767676,Plastic
2026-02-20T19:39:16.843473,2,527,286,6,6,17.5,17.071067690849304,0.7546169289326093,1.0,0.4861111111111111,0.9210526315789473,193.19444444444446,Plastic
2026-02-20T19:39:16.843785,2,587,264,5,11,27.0,25.656854152679443,0.5154265876157883,0.45454545454545453,0.4909090909090909,0.84375,182.70909090909092,Plastic
2026-02-20T19:39:16.844073,2,197,239,3,4,6.0,10.0,0.7539822368615503,0.75,0.5,1.0,182.41666666666666,Plastic
2026-02-20T19:39:16.844437,2,0,228,5,7,21.5,19.41421353816986,0.7168176984377277,0.7142857142857143,0.6142857142857143,0.9555555555555556,194.0,Plastic
2026-02-20T19:39:16.845224,2,178,222,4,5,11.5,13.41421353816986,0.8031141418478369,0.8,0.575,1.0,183.95,Plastic
2026-02-20T19:39:16.845478,2,162,204,5,7,20.5,18.242640614509583,0.7740844086099381,0.7142857142857143,0.5857142857142857,0.9534883720930233,184.28571428571428,Plastic
2026-02-20T19:39:16.845740,2,87,144,6,7,26.0,19.656854152679443,0.8455809325652641,0.8571428571428571,0.6190476190476191,0.9629629629629629,187.85714285714286,Plastic
2026-02-20T19:39:16.845968,2,93,119,4,3,6.0,10.0,0.7539822368615503,1.3333333333333333,0.5,1.0,184.16666666666666,Plastic
2026-02-20T19:39:16.846272,2,77,69,13,70,369.5,159.35533833503723,0.18284836162723642,0.18571428571428572,0.40604395604395604,0.603265306122449,188.25934065934067,Other
2026-02-20T19:39:16.846568,2,90,33,12,32,242.5,77.55634891986847,0.5066253249398591,0.375,0.6315104166666666,0.8948339483394834,194.65104166666666,Other
2026-02-20T19:39:16.846854,2,126,29,4,8,19.5,19.41421353816986,0.6501369823039856,0.5,0.609375,0.975,208.875,Plastic
2026-02-20T19:39:16.847126,2,82,28,6,6,22.0,17.656854152679443,0.8867595726417237,1.0,0.6111111111111112,1.0,199.55555555555554,Plastic
2026-02-20T19:39:16.847409,2,157,0,14,12,63.0,43.31370830535889,0.42198758934012,1.1666666666666667,0.375,0.6631578947368421,175.45833333333334,Other
2026-02-20T19:39:16.847700,2,102,0,18,5,37.0,39.65685415267944,0.29564808338132603,3.6,0.4111111111111111,0.7551020408163265,181.24444444444444,Other
2026-02-20T19:39:16.847947,2,94,0,5,3,7.0,10.828427076339722,0.75020015882688,1.6666666666666667,0.4666666666666667,1.0,183.93333333333334,Plastic
2026-02-20T19:39:16.848221,2,85,0,6,3,10.0,14.0,0.641141357875468,2.0,0.5555555555555556,1.0,185.61111111111111,Plastic
2026-02-20T19:39:16.848474,2,73,0,8,3,11.0,16.82842707633972,0.48810752032162763,2.6666666666666665,0.4583333333333333,0.9166666666666666,182.45833333333334,Plastic
2026-02-20T19:39:16.882240,3,424,465,6,5,17.0,15.656854152679443,0.8714646463829057,1.2,0.5666666666666667,1.0,216.26666666666668,Plastic
2026-02-20T19:39:16.882439,3,384,399,11,5,32.5,26.242640614509583,0.5930320417907278,2.2,0.5909090909090909,0.9285714285714286,189.43636363636364,Plastic
2026-02-20T19:39:16.882603,3,623,348,9,6,27.0,23.656854152679443,0.6062610165377001,1.5,0.5,0.8571428571428571,186.16666666666666,Plastic
2026-02-20T19:39:16.882762,3,256,314,28,7,117.5,62.72792184352875,0.3752545191940892,4.0,0.5994897959183674,0.8483754512635379,187.73979591836735,Other
2026-02-20T19:39:16.882921,3,495,311,3,4,6.0,10.0,0.7539822368615503,0.75,0.5,1.0,191.75,Plastic
2026-02-20T19:39:16.883068,3,256,300,14,10,71.0,38.14213526248932,0.6132791625261738,1.4,0.5071428571428571,0.8402366863905325,183.77142857142857,Plastic
2026-02-20T19:39:16.883216,3,502,298,5,4,10.0,12.828427076339722,0.7635949446159828,1.25,0.5,0.9523809523809523,189.25,Plastic
2026-02-20T19:39:16.883363,3,251,291,10,5,24.5,24.242640614509583,0.523861041136672,2.0,0.49,0.8596491228070176,188.98,Plastic
2026-02-20T19:39:16.883510,3,235,291,9,10,51.0,30.485281229019165,0.689603772377972,0.9,0.5666666666666667,0.864406779661017,204.34444444444443,Plastic
2026-02-20T19:39:16.883659,3,528,284,5,6,16.5,16.242640614509583,0.7859239759138743,0.8333333333333334,0.55,0.9705882352941176,197.26666666666668,Plastic
2026-02-20T19:39:16.883802,3,0,224,5,8,23.0,20.82842707633972,0.6662308698336755,0.625,0.575,0.9387755102040817,190.85,Plastic
2026-02-20T19:39:16.883945,3,145,188,7,5,23.0,18.82842707633972,0.8152853129608119,1.4,0.6571428571428571,1.0,186.45714285714286,Plastic
2026-02-20T19:39:16.884159,3,87,143,6,7,26.5,20.242640614509583,0.8126834365935457,0.8571428571428571,0.6309523809523809,0.9636363636363636,190.0,Plastic
2026-02-20T19:39:16.884331,3,77,68,9,70,316.5,150.87005722522736,0.1747340198632604,0.12857142857142856,0.5023809523809524,0.7672727272727272,192.2015873015873,Other
2026-02-20T19:39:16.884486,3,90,32,12,31,175.0,76.14213538169861,0.3793130705724835,0.3870967741935484,0.47043010752688175,0.7972665148063781,193.3494623655914,Other
2026-02-20T19:39:16.884631,3,126,27,4,9,23.5,21.41421353816986,0.6439816139552402,0.4444444444444444,0.6527777777777778,1.0,208.77777777777777,Plastic
2026-02-20T19:39:16.884773,3,82,26,6,7,25.0,19.656854152679443,0.8130585890050616,0.8571428571428571,0.5952380952380952,0.9615384615384616,200.54761904761904,Plastic
2026-02-20T19:39:16.884941,3,173,8,5,5,15.5,15.41421353816986,0.8197828337686409,1.0,0.62,1.0,188.12,Plastic
2026-02-20T19:39:16.885079,3,157,3,8,7,34.0,23.656854152679443,0.7634397986030298,1.1428571428571428,0.6071428571428571,0.9577464788732394,186.55357142857142,Plastic
2026-02-20T19:39:16.885222,3,103,0,4,4,8.5,11.41421353816986,0.8198545354117053,1.0,0.53125,1.0,186.5,Plastic
2026-02-20T19:39:16.892499,4,424,465,6,5,17.0,15.656854152679443,0.8714646463829057,1.2,0.5666666666666667,1.0,216.26666666666668,Plastic
2026-02-20T19:39:16.892703,4,384,399,11,5,32.5,26.242640614509583,0.5930320417907278,2.2,0.5909090909090909,0.9285714285714286,189.43636363636364,Plastic
2026-02-20T19:39:16.892860,4,623,348,9,6,27.0,23.656854152679443,0.6062610165377001,1.5,0.5,0.8571428571428571,186.16666666666666,Plastic
2026-02-20T19:39:16.893011,4,256,314,28,7,117.5,62.72792184352875,0.3752545191940892,4.0,0.5994897959183674,0.8483754512635379,187.73979591836735,Other
2026-02-20T19:39:16.893140,4,495,311,3,4,6.0,10.0,0.7539822368615503,0.75,0.5,1.0,191.75,Plastic
2026-02-20T19:39:16.893642,4,256,300,14,10,71.0,38.14213526248932,0.6132791625261738,1.4,0.5071428571428571,0.8402366863905325,183.77142857142857,Plastic
2026-02-20T19:39:16.893800,4,502,298,5,4,10.0,12.828427076339722,0.7635949446159828,1.25,0.5,0.9523809523809523,189.25,Plastic
2026-02-20T19:39:16.893945,4,251,291,10,5,24.5,24.242640614509583,0.523861041136672,2.0,0.49,0.8596491228070176,188.98,Plastic
2026-02-20T19:39:16.894088,4,235,291,9,10,51.0,30.485281229019165,0.689603772377972,0.9,0.5666666666666667,0.864406779661017,204.34444444444443,Plastic
2026-02-20T19:39:16.894229,4,528,284,5,6,16.5,16.242640614509583,0.7859239759138743,0.8333333333333334,0.55,0.9705882352941176,197.26666666666668,Plastic
2026-02-20T19:39:16.894392,4,0,224,5,8,23.0,20.82842707633972,0.6662308698336755,0.625,0.575,0.9387755102040817,190.85,Plastic
2026-02-20T19:39:16.894568,4,145,188,7,5,23.0,18.82842707633972,0.8152853129608119,1.4,0.6571428571428571,1.0,186.45714285714286,Plastic
2026-02-20T19:39:16.894719,4,87,143,6,7,26.5,20.242640614509583,0.8126834365935457,0.8571428571428571,0.6309523809523809,0.9636363636363636,190.0,Plastic
2026-02-20T19:39:16.894869,4,77,68,9,70,316.5,150.87005722522736,0.1747340198632604,0.12857142857142856,0.5023809523809524,0.7672727272727272,192.2015873015873,Other
2026-02-20T19:39:16.895015,4,90,32,12,31,175.0,76.14213538169861,0.3793130705724835,0.3870967741935484,0.47043010752688175,0.7972665148063781,193.3494623655914,Other
2026-02-20T19:39:16.895155,4,126,27,4,9,23.5,21.41421353816986,0.6439816139552402,0.4444444444444444,0.6527777777777778,1.0,208.77777777777777,Plastic
2026-02-20T19:39:16.895290,4,82,26,6,7,25.0,19.656854152679443,0.8130585890050616,0.8571428571428571,0.5952380952380952,0.9615384615384616,200.54761904761904,Plastic
2026-02-20T19:39:16.895427,4,173,8,5,5,15.5,15.41421353816986,0.8197828337686409,1.0,0.62,1.0,188.12,Plastic
2026-02-20T19:39:16.895558,4,157,3,8,7,34.0,23.656854152679443,0.7634397986030298,1.1428571428571428,0.6071428571428571,0.9577464788732394,186.55357142857142,Plastic
2026-02-20T19:39:16.895697,4,103,0,4,4,8.5,11.41421353816986,0.8198545354117053,1.0,0.53125,1.0,186.5,Plastic
2026-02-20T19:39:16.930780,5,424,465,6,4,13.0,14.828427076339722,0.7429559153356595,1.5,0.5416666666666666,0.9629629629629629,222.91666666666666,Plastic
2026-02-20T19:39:16.930961,5,374,396,20,4,54.0,42.82842707633972,0.3699468846125848,5.0,0.675,0.9818181818181818,201.775,Other
2026-02-20T19:39:16.931112,5,373,376,11,4,21.0,24.82842707633972,0.4280857234963046,2.75,0.4772727272727273,0.84,187.5,Other
2026-02-20T19:39:16.931257,5,255,370,5,3,8.0,12.0,0.6981317007977318,1.6666666666666667,0.5333333333333333,1.0,200.46666666666667,Plastic
2026-02-20T19:39:16.931393,5,636,351,4,4,7.5,11.41421353816986,0.7234010606573869,1.0,0.46875,0.9375,193.1875,Plastic
2026-02-20T19:39:16.931545,5,623,347,7,6,24.5,20.242640614509583,0.7513488376053535,1.1666666666666667,0.5833333333333334,0.9607843137254902,185.97619047619048,Plastic
2026-02-20T19:39:16.931685,5,255,313,28,7,130.0,62.485281229019165,0.4184058602820184,4.0,0.6632653061224489,0.9122807017543859,191.40816326530611,Other
2026-02-20T19:39:16.931827,5,494,309,4,5,11.5,13.41421353816986,0.8031141418478369,0.8,0.575,1.0,189.25,Plastic
2026-02-20T19:39:16.931964,5,256,299,14,9,62.0,37.3137081861496,0.5595832830678484,1.5555555555555556,0.49206349206349204,0.8,186.29365079365078,Plastic
2026-02-20T19:39:16.932099,5,501,297,6,4,14.5,15.41421353816986,0.7668936186867932,1.5,0.6041666666666666,1.0,193.0,Plastic
2026-02-20T19:39:16.932261,5,251,290,10,4,22.0,22.82842707633972,0.5304941111487503,2.5,0.55,0.9166666666666666,202.5,Plastic
2026-02-20T19:39:16.932397,5,235,289,9,11,51.5,30.72792160511017,0.6854104487319838,0.8181818181818182,0.5202020202020202,0.8583333333333333,197.05050505050505,Plastic
2026-02-20T19:39:16.932531,5,528,283,5,5,13.0,14.828427076339722,0.7429559153356595,1.0,0.52,0.9285714285714286,198.52,Plastic
2026-02-20T19:39:16.932666,5,0,223,5,8,25.5,21.41421353816986,0.6987885598237713,0.625,0.6375,0.9622641509433962,192.275,Plastic
2026-02-20T19:39:16.932801,5,162,202,4,4,8.5,11.41421353816986,0.8198545354117053,1.0,0.53125,1.0,184.0,Plastic
2026-02-20T19:39:16.932932,5,145,185,6,6,21.5,18.242640614509583,0.8118446236640815,1.0,0.5972222222222222,0.9555555555555556,186.22222222222223,Plastic
2026-02-20T19:39:16.933066,5,87,140,6,9,33.5,23.071067690849304,0.7908958272640014,0.6666666666666666,0.6203703703703703,0.9571428571428572,187.3148148148148,Plastic
2026-02-20T19:39:16.933211,5,77,66,9,71,311.5,152.04163014888763,0.1693334981721374,0.1267605633802817,0.4874804381846635,0.7425506555423123,191.72143974960878,Other
2026-02-20T19:39:16.933351,5,89,29,12,30,170.5,73.55634891986847,0.3959988446700824,0.4,0.4736111111111111,0.7697516930022573,192.33333333333334,Other
2026-02-20T19:39:16.933483,5,126,26,4,6,14.5,15.41421353816986,0.7668936186867932,0.6666666666666666,0.6041666666666666,1.0,209.70833333333334,Plastic
2026-02-20T19:39:16.933616,5,82,24,5,5,14.0,14.828427076339722,0.8001063703614795,1.0,0.56,1.0,204.12,Plastic
2026-02-20T19:39:16.933749,5,173,5,5,5,15.0,14.828427076339722,0.8572568253872993,1.0,0.6,1.0,192.44,Plastic
2026-02-20T19:39:16.933878,5,209,0,21,3,28.0,42.82842707633972,0.1918243105398588,7.0,0.4444444444444444,0.835820895522388,190.63492063492063,Other
2026-02-20T19:39:16.934009,5,183,0,24,8,99.0,57.65685415267944,0.3742339407114109,3.0,0.515625,0.7795275590551181,184.10416666666666,Other
2026-02-20T19:39:16.934356,5,156,0,10,7,39.0,26.485281229019165,0.6986590572328732,1.4285714285714286,0.5571428571428572,0.9069767441860465,184.81428571428572,Plastic
2026-02-20T19:39:16.944609,6,424,465,6,4,13.0,14.828427076339722,0.7429559153356595,1.5,0.5416666666666666,0.9629629629629629,222.91666666666666,Plastic
2026-02-20T19:39:16.944914,6,374,396,20,4,54.0,42.82842707633972,0.3699468846125848,5.0,0.675,0.9818181818181818,201.775,Other
2026-02-20T19:39:16.945152,6,373,376,11,4,21.0,24.82842707633972,0.4280857234963046,2.75,0.4772727272727273,0.84,187.5,Other
2026-02-20T19:39:16.945340,6,255,370,5,3,8.0,12.0,0.6981317007977318,1.6666666666666667,0.5333333333333333,1.0,200.46666666666667,Plastic
2026-02-20T19:39:16.945526,6,636,351,4,4,7.5,11.41421353816986,0.7234010606573869,1.0,0.46875,0.9375,193.1875,Plastic
2026-02-20T19:39:16.945754,6,623,347,7,6,24.5,20.242640614509583,0.7513488376053535,1.1666666666666667,0.5833333333333334,0.9607843137254902,185.97619047619048,Plastic
2026-02-20T19:39:16.945955,6,255,313,28,7,130.0,62.485281229019165,0.4184058602820184,4.0,0.6632653061224489,0.9122807017543859,191.40816326530611,Other
2026-02-20T19:39:16.946164,6,494,309,4,5,11.5,13.41421353816986,0.8031141418478369,0.8,0.575,1.0,189.25,Plastic
2026-02-20T19:39:16.946385,6,256,299,14,9,62.0,37.3137081861496,0.5595832830678484,1.5555555555555556,0.49206349206349204,0.8,186.29365079365078,Plastic
2026-02-20T19:39:16.946580,6,501,297,6,4,14.5,15.41421353816986,0.7668936186867932,1.5,0.6041666666666666,1.0,193.0,Plastic
2026-02-20T19:39:16.946718,6,251,290,10,4,22.0,22.82842707633972,0.5304941111487503,2.5,0.55,0.9166666666666666,202.5,Plastic
2026-02-20T19:39:16.946866,6,235,289,9,11,51.5,30.72792160511017,0.6854104487319838,0.8181818181818182,0.5202020202020202,0.8583333333333333,197.05050505050505,Plastic
2026-02-20T19:39:16.947007,6,528,283,5,5,13.0,14.828427076339722,0.7429559153356595,1.0,0.52,0.9285714285714286,198.52,Plastic
2026-02-20T19:39:16.947143,6,0,223,5,8,25.5,21.41421353816986,0.6987885598237713,0.625,0.6375,0.9622641509433962,192.275,Plastic
2026-02-20T19:39:16.947276,6,162,202,4,4,8.5,11.41421353816986,0.8198545354117053,1.0,0.53125,1.0,184.0,Plastic
2026-02-20T19:39:16.947437,6,145,185,6,6,21.5,18.242640614509583,0.8118446236640815,1.0,0.5972222222222222,0.9555555555555556,186.22222222222223,Plastic
2026-02-20T19:39:16.947570,6,87,140,6,9,33.5,23.071067690849304,0.7908958272640014,0.6666666666666666,0.6203703703703703,0.9571428571428572,187.3148148148148,Plastic
2026-02-20T19:39:16.947712,6,77,66,9,71,311.5,152.04163014888763,0.1693334981721374,0.1267605633802817,0.4874804381846635,0.7425506555423123,191.72143974960878,Other
2026-02-20T19:39:16.948106,6,89,29,12,30,170.5,73.55634891986847,0.3959988446700824,0.4,0.4736111111111111,0.7697516930022573,192.33333333333334,Other
2026-02-20T19:39:16.948253,6,126,26,4,6,14.5,15.41421353816986,0.7668936186867932,0.6666666666666666,0.6041666666666666,1.0,209.70833333333334,Plastic
2026-02-20T19:39:16.948393,6,82,24,5,5,14.0,14.828427076339722,0.8001063703614795,1.0,0.56,1.0,204.12,Plastic
2026-02-20T19:39:16.948544,6,173,5,5,5,15.0,14.828427076339722,0.8572568253872993,1.0,0.6,1.0,192.44,Plastic
2026-02-20T19:39:16.948675,6,209,0,21,3,28.0,42.82842707633972,0.1918243105398588,7.0,0.4444444444444444,0.835820895522388,190.63492063492063,Other
2026-02-20T19:39:16.948817,6,183,0,24,8,99.0,57.65685415267944,0.3742339407114109,3.0,0.515625,0.7795275590551181,184.10416666666666,Other
2026-02-20T19:39:16.949179,6,156,0,10,7,39.0,26.485281229019165,0.6986590572328732,1.4285714285714286,0.5571428571428572,0.9069767441860465,184.81428571428572,Plastic
2026-02-20T19:39:16.991924,7,422,467,6,5,17.5,16.242640614509583,0.8335557320298667,1.2,0.5833333333333334,0.9722222222222222,224.86666666666667,Plastic
2026-02-20T19:39:16.992110,7,370,396,21,5,62.0,45.65685415267944,0.37375721467298323,4.2,0.5904761904761905,0.9117647058823529,192.43809523809523,Other
2026-02-20T19:39:16.992266,7,623,351,6,4,10.0,14.828427076339722,0.5715045502581996,1.5,0.4166666666666667,0.8333333333333334,185.08333333333334,Plastic
2026-02-20T19:39:16.992413,7,494,333,4,5,11.0,12.828427076339722,0.8399544390775809,0.8,0.55,1.0,193.45,Plastic
2026-02-20T19:39:16.992556,7,258,318,17,6,56.0,38.485281229019165,0.4751257433166115,2.8333333333333335,0.5490196078431373,0.8818897637795275,184.58823529411765,Plastic
2026-02-20T19:39:16.992727,7,257,305,12,8,58.0,32.485281229019165,0.6906604636818895,1.5,0.6041666666666666,0.9133858267716536,187.52083333333334,Plastic
2026-02-20T19:39:16.992894,7,490,294,15,24,109.0,67.4558435678482,0.30102128582595816,0.625,0.30277777777777776,0.6038781163434903,174.2888888888889,Other
2026-02-20T19:39:16.993037,7,256,293,4,5,11.5,13.41421353816986,0.8031141418478369,0.8,0.575,1.0,190.7,Plastic
2026-02-20T19:39:16.993207,7,234,293,9,12,57.5,32.72792184352875,0.6745914771583519,0.75,0.5324074074074074,0.8582089552238806,195.25925925925927,Plastic
2026-02-20T19:39:16.993359,7,528,287,3,4,6.0,10.0,0.7539822368615503,0.75,0.5,1.0,192.0,Plastic
2026-02-20T19:39:16.993497,7,0,227,3,4,5.5,9.41421353816986,0.7798381254407765,0.75,0.4583333333333333,1.0,182.91666666666666,Plastic
2026-02-20T19:39:16.993634,7,198,202,4,8,16.5,19.41421353816986,0.5501159081033724,0.5,0.515625,0.8918918918918919,182.3125,Plastic
2026-02-20T19:39:16.993752,7,146,189,4,3,6.0,10.0,0.7539822368615503,1.3333333333333333,0.5,1.0,186.0,Plastic
2026-02-20T19:39:16.993888,7,155,186,15,14,61.0,46.97056245803833,0.3474466890807663,1.0714285714285714,0.2904761904761905,0.6559139784946236,178.55714285714285,Other
2026-02-20T19:39:16.994024,7,87,142,6,9,28.0,22.485281229019165,0.6959391170644791,0.6666666666666666,0.5185185185185185,0.9032258064516129,185.25925925925927,Plastic
2026-02-20T19:39:16.994165,7,77,70,8,66,280.5,140.3847759962082,0.17885566604615877,0.12121212121212122,0.53125,0.7813370473537604,195.2840909090909,Other
2026-02-20T19:39:16.994305,7,89,31,8,33,145.0,72.14213538169861,0.3501062630970167,0.24242424242424243,0.5492424242424242,0.8841463414634146,198.08333333333334,Other
2026-02-20T19:39:16.994438,7,125,27,4,10,22.0,22.82842707633972,0.5304941111487503,0.4,0.55,0.9166666666666666,200.8,Plastic
2026-02-20T19:39:16.994579,7,82,26,5,8,24.5,20.242640614509583,0.7513488376053535,0.625,0.6125,0.9607843137254902,200.4,Plastic
2026-02-20T19:39:16.994743,7,173,8,3,4,6.0,10.0,0.7539822368615503,0.75,0.5,1.0,190.25,Plastic
2026-02-20T19:39:16.994883,7,194,4,12,17,56.5,46.38477599620819,0.3299950189893272,0.7058823529411765,0.2769607843137255,0.7151898734177216,179.68627450980392,Other
2026-02-20T19:39:16.995043,7,158,3,6,5,18.0,16.82842707633972,0.7987213968899363,1.2,0.6,0.972972972972973,186.93333333333334,Plastic
2026-02-20T19:39:17.059262,8,419,470,6,6,22.0,17.656854152679443,0.8867595726417237,1.0,0.6111111111111112,0.9777777777777777,219.97222222222223,Plastic
2026-02-20T19:39:17.059546,8,369,398,18,6,55.0,40.485281229019165,0.4216753680438209,3.0,0.5092592592592593,0.8661417322834646,186.77777777777777,Other
2026-02-20T19:39:17.059819,8,366,380,8,3,14.0,18.0,0.5429913228426803,2.6666666666666665,0.5833333333333334,1.0,189.95833333333334,Plastic
2026-02-20T19:39:17.060038,8,491,339,5,4,11.0,12.828427076339722,0.8399544390775809,1.25,0.55,1.0,190.4,Plastic
2026-02-20T19:39:17.060191,8,258,314,8,8,34.0,25.656854152679443,0.6490557029235854,1.0,0.53125,0.8831168831168831,184.703125,Plastic
2026-02-20T19:39:17.060347,8,507,306,26,45,468.5,174.4680359363556,0.19341391469886238,0.5777777777777777,0.40042735042735045,0.6209410205434063,176.2871794871795,Other
2026-02-20T19:39:17.060499,8,232,301,8,12,54.0,31.313708305358887,0.6920454544805427,0.6666666666666666,0.5625,0.9,198.89583333333334,Plastic
2026-02-20T19:39:17.060647,8,484,299,15,27,198.0,70.6274163722992,0.49880226297860597,0.5555555555555556,0.4888888888888889,0.8461538461538461,181.37777777777777,Other
2026-02-20T19:39:17.060804,8,526,255,14,4,28.0,30.82842707633972,0.3702245055729346,3.5,0.5,0.8484848484848485,185.41071428571428,Other
2026-02-20T19:39:17.060958,8,74,74,9,71,321.0,153.11269783973694,0.1720649762230257,0.1267605633802817,0.5023474178403756,0.7337142857142858,192.83098591549296,Other
2026-02-20T19:39:17.061173,8,87,40,8,31,130.0,68.14213538169861,0.3518209834959051,0.25806451612903225,0.5241935483870968,0.8783783783783784,197.84677419354838,Other
2026-02-20T19:39:17.061348,8,144,37,3,7,12.0,16.0,0.5890486225480862,0.42857142857142855,0.5714285714285714,1.0,199.14285714285714,Plastic
2026-02-20T19:39:17.061521,8,122,36,5,11,23.0,25.656854152679443,0.43906709315419007,0.45454545454545453,0.41818181818181815,0.8214285714285714,189.83636363636364,Other
2026-02-20T19:39:17.061689,8,80,34,5,11,29.0,25.656854152679443,0.5536063348465875,0.45454545454545453,0.5272727272727272,0.90625,191.56363636363636,Plastic
2026-02-20T19:39:17.061864,8,195,13,8,10,36.0,28.485281229019165,0.5575339804061735,0.8,0.45,0.8181818181818182,185.125,Plastic
2026-02-20T19:39:17.062032,8,379,8,17,4,35.0,36.82842707633972,0.3242735804807378,4.25,0.5147058823529411,0.8536585365853658,183.35294117647058,Other
2026-02-20T19:39:17.062170,8,89,0,18,8,84.0,49.3137081861496,0.43406406003276266,2.25,0.5833333333333334,0.8038277511961722,181.5625,Other
2026-02-20T19:39:17.062376,8,82,0,5,5,12.0,14.828427076339722,0.6858054603098395,1.0,0.48,0.8888888888888888,181.32,Plastic
2026-02-20T19:39:17.071362,9,419,470,6,6,22.0,17.656854152679443,0.8867595726417237,1.0,0.6111111111111112,0.9777777777777777,219.97222222222223,Plastic
2026-02-20T19:39:17.071564,9,369,398,18,6,55.0,40.485281229019165,0.4216753680438209,3.0,0.5092592592592593,0.8661417322834646,186.77777777777777,Other
2026-02-20T19:39:17.071718,9,366,380,8,3,14.0,18.0,0.5429913228426803,2.6666666666666665,0.5833333333333334,1.0,189.95833333333334,Plastic
2026-02-20T19:39:17.071864,9,491,339,5,4,11.0,12.828427076339722,0.8399544390775809,1.25,0.55,1.0,190.4,Plastic
2026-02-20T19:39:17.072007,9,258,314,8,8,34.0,25.656854152679443,0.6490557029235854,1.0,0.53125,0.8831168831168831,184.703125,Plastic
2026-02-20T19:39:17.072160,9,507,306,26,45,468.5,174.4680359363556,0.19341391469886238,0.5777777777777777,0.40042735042735045,0.6209410205434063,176.2871794871795,Other
2026-02-20T19:39:17.072372,9,232,301,8,12,54.0,31.313708305358887,0.6920454544805427,0.6666666666666666,0.5625,0.9,198.89583333333334,Plastic
2026-02-20T19:39:17.072514,9,484,299,15,27,198.0,70.6274163722992,0.49880226297860597,0.5555555555555556,0.4888888888888889,0.8461538461538461,181.37777777777777,Other
2026-02-20T19:39:17.072665,9,526,255,14,4,28.0,30.82842707633972,0.3702245055729346,3.5,0.5,0.8484848484848485,185.41071428571428,Other
2026-02-20T19:39:17.072810,9,74,74,9,71,321.0,153.11269783973694,0.1720649762230257,0.1267605633802817,0.5023474178403756,0.7337142857142858,192.83098591549296,Other
2026-02-20T19:39:17.073056,9,87,40,8,31,130.0,68.14213538169861,0.3518209834959051,0.25806451612903225,0.5241935483870968,0.8783783783783784,197.84677419354838,Other
2026-02-20T19:39:17.073183,9,144,37,3,7,12.0,16.0,0.5890486225480862,0.42857142857142855,0.5714285714285714,1.0,199.14285714285714,Plastic
2026-02-20T19:39:17.073334,9,122,36,5,11,23.0,25.656854152679443,0.43906709315419007,0.45454545454545453,0.41818181818181815,0.8214285714285714,189.83636363636364,Other
2026-02-20T19:39:17.073518,9,80,34,5,11,29.0,25.656854152679443,0.5536063348465875,0.45454545454545453,0.5272727272727272,0.90625,191.56363636363636,Plastic
2026-02-20T19:39:17.073654,9,195,13,8,10,36.0,28.485281229019165,0.5575339804061735,0.8,0.45,0.8181818181818182,185.125,Plastic
2026-02-20T19:39:17.073789,9,379,8,17,4,35.0,36.82842707633972,0.3242735804807378,4.25,0.5147058823529411,0.8536585365853658,183.35294117647058,Other
2026-02-20T19:39:17.073926,9,89,0,18,8,84.0,49.3137081861496,0.43406406003276266,2.25,0.5833333333333334,0.8038277511961722,181.5625,Other
2026-02-20T19:39:17.074059,9,82,0,5,5,12.0,14.828427076339722,0.6858054603098395,1.0,0.48,0.8888888888888888,181.32,Plastic
2026-02-20T19:39:17.105369,10,416,474,6,4,14.0,14.828427076339722,0.8001063703614795,1.5,0.5833333333333334,1.0,234.08333333333334,Plastic
2026-02-20T19:39:17.105551,10,369,401,13,5,41.0,29.656854152679443,0.5857921640146545,2.6,0.6307692307692307,0.9647058823529412,193.26153846153846,Plastic
2026-02-20T19:39:17.105687,10,367,382,4,3,6.0,10.0,0.7539822368615503,1.3333333333333333,0.5,1.0,201.0,Plastic
2026-02-20T19:39:17.105832,10,424,349,6,6,22.5,18.242640614509583,0.8496048387182248,1.0,0.625,1.0,182.61111111111111,Plastic
2026-02-20T19:39:17.105966,10,488,345,6,4,13.0,14.828427076339722,0.7429559153356595,1.5,0.5416666666666666,0.9629629629629629,190.79166666666666,Plastic
2026-02-20T19:39:17.106126,10,255,321,11,7,42.0,28.485281109809875,0.6504563159181148,1.5714285714285714,0.5454545454545454,0.8936170212765957,186.27272727272728,Plastic
2026-02-20T19:39:17.106279,10,505,311,26,45,393.5,177.63960897922516,0.15670216028101655,0.5777777777777777,0.33632478632478635,0.5507347795661302,173.3940170940171,Other
2026-02-20T19:39:17.106420,10,252,310,4,4,8.5,11.41421353816986,0.8198545354117053,1.0,0.53125,1.0,192.625,Plastic
2026-02-20T19:39:17.106553,10,230,310,9,11,52.0,30.14213526248932,0.7192256689815727,0.8181818181818182,0.5252525252525253,0.8813559322033898,194.7070707070707,Plastic
2026-02-20T19:39:17.106712,10,478,305,19,27,199.0,93.4558436870575,0.28631889904204455,0.7037037037037037,0.38791423001949316,0.6546052631578947,179.12670565302145,Other
2026-02-20T19:39:17.106879,10,524,261,6,3,10.0,14.0,0.641141357875468,2.0,0.5555555555555556,1.0,184.77777777777777,Plastic
2026-02-20T19:39:17.107047,10,481,261,10,4,25.0,22.82842707633972,0.6028342172144892,2.5,0.625,0.9803921568627451,186.225,Plastic
2026-02-20T19:39:17.107283,10,228,248,34,17,352.5,88.87005722522736,0.5608646466604965,2.0,0.6098615916955017,0.8779576587795765,181.6522491349481,Other
2026-02-20T19:39:17.107478,10,529,154,4,4,8.0,10.828427076339722,0.8573716100878628,1.0,0.5,1.0,184.5,Plastic
2026-02-20T19:39:17.107690,10,73,88,8,64,231.0,136.62741661071777,0.15550563485501226,0.125,0.451171875,0.6947368421052632,191.591796875,Other
2026-02-20T19:39:17.107867,10,86,51,6,27,99.0,58.485281229019165,0.36370719579479743,0.2222222222222222,0.6111111111111112,0.9209302325581395,203.6604938271605,Other
2026-02-20T19:39:17.108014,10,121,49,3,6,10.0,14.0,0.641141357875468,0.5,0.5555555555555556,1.0,212.66666666666666,Plastic
2026-02-20T19:39:17.108158,10,142,47,3,5,8.0,12.0,0.6981317007977318,0.6,0.5333333333333333,1.0,199.66666666666666,Plastic
2026-02-20T19:39:17.108318,10,78,46,4,7,15.5,17.41421353816986,0.6422939496047868,0.5714285714285714,0.5535714285714286,0.9393939393939394,202.5,Plastic
2026-02-20T19:39:17.108475,10,195,24,5,7,18.5,18.242640614509583,0.6985639785016515,0.7142857142857143,0.5285714285714286,0.9487179487179487,195.31428571428572,Plastic
2026-02-20T19:39:17.108611,10,370,19,5,3,8.0,12.0,0.6981317007977318,1.6666666666666667,0.5333333333333333,1.0,186.4,Plastic
2026-02-20T19:39:17.108741,10,381,17,11,4,25.0,24.82842707633972,0.5096258613051246,2.75,0.5681818181818182,0.9259259259259259,187.0681818181818,Plastic
2026-02-20T19:39:17.109110,10,398,16,10,4,22.0,22.82842707633972,0.5304941111487503,2.5,0.55,0.9166666666666666,186.275,Plastic
2026-02-20T19:39:17.109285,10,411,14,9,4,18.0,20.82842707633972,0.5213980720437461,2.25,0.5,0.8780487804878049,184.86111111111111,Plastic
2026-02-20T19:39:17.115712,11,416,474,6,4,14.0,14.828427076339722,0.8001063703614795,1.5,0.5833333333333334,1.0,234.08333333333334,Plastic
2026-02-20T19:39:17.115893,11,369,401,13,5,41.0,29.656854152679443,0.5857921640146545,2.6,0.6307692307692307,0.9647058823529412,193.26153846153846,Plastic
2026-02-20T19:39:17.116027,11,367,382,4,3,6.0,10.0,0.7539822368615503,1.3333333333333333,0.5,1.0,201.0,Plastic
2026-02-20T19:39:17.116174,11,424,349,6,6,22.5,18.242640614509583,0.8496048387182248,1.0,0.625,1.0,182.61111111111111,Plastic
2026-02-20T19:39:17.116354,11,488,345,6,4,13.0,14.828427076339722,0.7429559153356595,1.5,0.5416666666666666,0.9629629629629629,190.79166666666666,Plastic
2026-02-20T19:39:17.116497,11,255,321,11,7,42.0,28.485281109809875,0.6504563159181148,1.5714285714285714,0.5454545454545454,0.8936170212765957,186.27272727272728,Plastic
2026-02-20T19:39:17.116670,11,505,311,26,45,393.5,177.63960897922516,0.15670216028101655,0.5777777777777777,0.33632478632478635,0.5507347795661302,173.3940170940171,Other
2026-02-20T19:39:17.116811,11,252,310,4,4,8.5,11.41421353816986,0.8198545354117053,1.0,0.53125,1.0,192.625,Plastic
2026-02-20T19:39:17.116944,11,230,310,9,11,52.0,30.14213526248932,0.7192256689815727,0.8181818181818182,0.5252525252525253,0.8813559322033898,194.7070707070707,Plastic
2026-02-20T19:39:17.117107,11,478,305,19,27,199.0,93.4558436870575,0.28631889904204455,0.7037037037037037,0.38791423001949316,0.6546052631578947,179.12670565302145,Other
2026-02-20T19:39:17.117265,11,524,261,6,3,10.0,14.0,0.641141357875468,2.0,0.5555555555555556,1.0,184.77777777777777,Plastic
2026-02-20T19:39:17.117399,11,481,261,10,4,25.0,22.82842707633972,0.6028342172144892,2.5,0.625,0.9803921568627451,186.225,Plastic
2026-02-20T19:39:17.117542,11,228,248,34,17,352.5,88.87005722522736,0.5608646466604965,2.0,0.6098615916955017,0.8779576587795765,181.6522491349481,Other
2026-02-20T19:39:17.117681,11,529,154,4,4,8.0,10.828427076339722,0.8573716100878628,1.0,0.5,1.0,184.5,Plastic
2026-02-20T19:39:17.117816,11,73,88,8,64,231.0,136.62741661071777,0.15550563485501226,0.125,0.451171875,0.6947368421052632,191.591796875,Other
2026-02-20T19:39:17.117951,11,86,51,6,27,99.0,58.485281229019165,0.36370719579479743,0.2222222222222222,0.6111111111111112,0.9209302325581395,203.6604938271605,Other
2026-02-20T19:39:17.118083,11,121,49,3,6,10.0,14.0,0.641141357875468,0.5,0.5555555555555556,1.0,212.66666666666666,Plastic
2026-02-20T19:39:17.118213,11,142,47,3,5,8.0,12.0,0.6981317007977318,0.6,0.5333333333333333,1.0,199.66666666666666,Plastic
2026-02-20T19:39:17.118351,11,78,46,4,7,15.5,17.41421353816986,0.6422939496047868,0.5714285714285714,0.5535714285714286,0.9393939393939394,202.5,Plastic
2026-02-20T19:39:17.118483,11,195,24,5,7,18.5,18.242640614509583,0.6985639785016515,0.7142857142857143,0.5285714285714286,0.9487179487179487,195.31428571428572,Plastic
2026-02-20T19:39:17.118615,11,370,19,5,3,8.0,12.0,0.6981317007977318,1.6666666666666667,0.5333333333333333,1.0,186.4,Plastic
2026-02-20T19:39:17.118744,11,381,17,11,4,25.0,24.82842707633972,0.5096258613051246,2.75,0.5681818181818182,0.9259259259259259,187.0681818181818,Plastic
2026-02-20T19:39:17.118873,11,398,16,10,4,22.0,22.82842707633972,0.5304941111487503,2.5,0.55,0.9166666666666666,186.275,Plastic
2026-02-20T19:39:17.119003,11,411,14,9,4,18.0,20.82842707633972,0.5213980720437461,2.25,0.5,0.8780487804878049,184.86111111111111,Plastic
2026-02-20T19:39:17.169065,12,414,475,6,5,15.0,16.82842707633972,0.6656011640749468,1.2,0.5,0.8823529411764706,197.2,Plastic
2026-02-20T19:39:17.169359,12,367,402,12,5,37.5,28.242640614509583,0.590786458667255,2.4,0.625,0.9493670886075949,194.18333333333334,Plastic
2026-02-20T19:39:17.169849,12,633,368,4,3,6.0,10.0,0.7539822368615503,1.3333333333333333,0.5,1.0,185.33333333333334,Plastic
2026-02-20T19:39:17.170127,12,422,352,6,3,10.0,14.0,0.641141357875468,2.0,0.5555555555555556,1.0,182.66666666666666,Plastic
2026-02-20T19:39:17.170427,12,486,347,7,5,17.0,18.82842707633972,0.6026021878406002,1.4,0.4857142857142857,0.85,189.0,Plastic
2026-02-20T19:39:17.170760,12,480,340,4,6,14.0,14.828427076339722,0.8001063703614795,0.6666666666666666,0.5833333333333334,1.0,205.375,Plastic
2026-02-20T19:39:17.171052,12,514,339,7,20,86.0,48.14213538169861,0.466291625403869,0.35,0.6142857142857143,0.864321608040201,194.85,Plastic
2026-02-20T19:39:17.171290,12,255,337,17,6,63.5,39.071067571640015,0.5227247136146914,2.8333333333333335,0.6225490196078431,0.9202898550724637,184.59803921568627,Plastic
2026-02-20T19:39:17.171535,12,253,326,12,5,26.0,27.656854152679443,0.427147287733746,2.4,0.43333333333333335,0.8,187.0,Other
2026-02-20T19:39:17.171776,12,475,320,6,9,22.0,22.485281229019165,0.5468093062649478,0.6666666666666666,0.4074074074074074,0.8627450980392157,183.05555555555554,Plastic
2026-02-20T19:39:17.172062,12,504,314,25,29,256.5,114.18376553058624,0.24722279467020947,0.8620689655172413,0.35379310344827586,0.6294478527607362,179.9737931034483,Other
2026-02-20T19:39:17.172400,12,230,314,8,10,44.0,27.313708186149597,0.741141633099591,0.8,0.55,0.9072164948453608,202.05,Plastic
2026-02-20T19:39:17.172656,12,482,307,14,28,180.0,73.79898941516876,0.41531875134389373,0.5,0.45918367346938777,0.728744939271255,181.47704081632654,Other
2026-02-20T19:39:17.172880,12,528,263,9,3,16.0,20.0,0.5026548245743669,3.0,0.5925925925925926,1.0,188.03703703703704,Plastic
2026-02-20T19:39:17.173084,12,507,263,7,4,16.0,16.82842707633972,0.7099745750132767,1.75,0.5714285714285714,0.9696969696969697,186.25,Plastic
2026-02-20T19:39:17.173287,12,475,263,13,6,47.5,31.071067690849304,0.6182884296812416,2.1666666666666665,0.6089743589743589,0.9313725490196079,186.97435897435898,Plastic
2026-02-20T19:39:17.173519,12,240,253,18,14,129.0,50.62741696834564,0.632452675570341,1.2857142857142858,0.5119047619047619,0.8927335640138409,180.9047619047619,Other
2026-02-20T19:39:17.173807,12,170,205,14,9,68.5,36.72792172431946,0.6381278912641604,1.5555555555555556,0.5436507936507936,0.9072847682119205,184.72222222222223,Plastic
2026-02-20T19:39:17.174027,12,73,137,6,17,68.5,39.071067690849304,0.5638841364426438,0.35294117647058826,0.6715686274509803,0.958041958041958,207.45098039215685,Plastic
2026-02-20T19:39:17.174248,12,72,96,5,32,111.5,68.24264061450958,0.3008659810744058,0.15625,0.696875,0.9529914529914529,206.03125,Other
2026-02-20T19:39:17.174462,12,84,59,7,27,95.5,59.899494767189026,0.3344775066037788,0.25925925925925924,0.5052910052910053,0.8526785714285714,197.12698412698413,Other
2026-02-20T19:39:17.174719,12,120,54,3,6,10.0,14.0,0.641141357875468,0.5,0.5555555555555556,1.0,223.77777777777777,Plastic
2026-02-20T19:39:17.174909,12,77,54,4,3,6.0,10.0,0.7539822368615503,1.3333333333333333,0.5,1.0,229.33333333333334,Plastic
2026-02-20T19:39:17.175222,12,194,31,4,4,8.5,11.41421353816986,0.8198545354117053,1.0,0.53125,1.0,206.5,Plastic
2026-02-20T19:39:17.175465,12,178,29,12,4,21.0,26.82842707633972,0.3666390647566213,3.0,0.4375,0.7924528301886793,187.0625,Other
2026-02-20T19:39:17.175705,12,254,28,86,13,470.0,183.4558436870575,0.17548686754386533,6.615384615384615,0.4203935599284436,0.8400357462019661,178.18336314847943,Other
2026-02-20T19:39:17.175921,12,0,0,5,6,15.0,16.82842707633972,0.6656011640749468,0.8333333333333334,0.5,0.8823529411764706,193.0,Plastic
2026-02-20T19:39:17.181857,13,414,475,6,5,15.0,16.82842707633972,0.6656011640749468,1.2,0.5,0.8823529411764706,197.2,Plastic
2026-02-20T19:39:17.182113,13,367,402,12,5,37.5,28.242640614509583,0.590786458667255,2.4,0.625,0.9493670886075949,194.18333333333334,Plastic
2026-02-20T19:39:17.182300,13,633,368,4,3,6.0,10.0,0.7539822368615503,1.3333333333333333,0.5,1.0,185.33333333333334,Plastic
2026-02-20T19:39:17.182506,13,422,352,6,3,10.0,14.0,0.641141357875468,2.0,0.5555555555555556,1.0,182.66666666666666,Plastic
2026-02-20T19:39:17.182720,13,486,347,7,5,17.0,18.82842707633972,0.6026021878406002,1.4,0.4857142857142857,0.85,189.0,Plastic
2026-02-20T19:39:17.182924,13,480,340,4,6,14.0,14.828427076339722,0.8001063703614795,0.6666666666666666,0.5833333333333334,1.0,205.375,Plastic
2026-02-20T19:39:17.183269,13,514,339,7,20,86.0,48.14213538169861,0.466291625403869,0.35,0.6142857142857143,0.864321608040201,194.85,Plastic
2026-02-20T19:39:17.183537,13,255,337,17,6,63.5,39.071067571640015,0.5227247136146914,2.8333333333333335,0.6225490196078431,0.9202898550724637,184.59803921568627,Plastic
2026-02-20T19:39:17.183757,13,253,326,12,5,26.0,27.656854152679443,0.427147287733746,2.4,0.43333333333333335,0.8,187.0,Other
2026-02-20T19:39:17.184100,13,475,320,6,9,22.0,22.485281229019165,0.5468093062649478,0.6666666666666666,0.4074074074074074,0.8627450980392157,183.05555555555554,Plastic
2026-02-20T19:39:17.184346,13,504,314,25,29,256.5,114.18376553058624,0.24722279467020947,0.8620689655172413,0.35379310344827586,0.6294478527607362,179.9737931034483,Other
2026-02-20T19:39:17.184559,13,230,314,8,10,44.0,27.313708186149597,0.741141633099591,0.8,0.55,0.9072164948453608,202.05,Plastic
2026-02-20T19:39:17.184764,13,482,307,14,28,180.0,73.79898941516876,0.41531875134389373,0.5,0.45918367346938777,0.728744939271255,181.47704081632654,Other
2026-02-20T19:39:17.184986,13,528,263,9,3,16.0,20.0,0.5026548245743669,3.0,0.5925925925925926,1.0,188.03703703703704,Plastic
2026-02-20T19:39:17.185239,13,507,263,7,4,16.0,16.82842707633972,0.7099745750132767,1.75,0.5714285714285714,0.9696969696969697,186.25,Plastic
2026-02-20T19:39:17.185461,13,475,263,13,6,47.5,31.071067690849304,0.6182884296812416,2.1666666666666665,0.6089743589743589,0.9313725490196079,186.97435897435898,Plastic
2026-02-20T19:39:17.185684,13,240,253,18,14,129.0,50.62741696834564,0.632452675570341,1.2857142857142858,0.5119047619047619,0.8927335640138409,180.9047619047619,Other
2026-02-20T19:39:17.185894,13,170,205,14,9,68.5,36.72792172431946,0.6381278912641604,1.5555555555555556,0.5436507936507936,0.9072847682119205,184.72222222222223,Plastic
2026-02-20T19:39:17.186125,13,73,137,6,17,68.5,39.071067690849304,0.5638841364426438,0.35294117647058826,0.6715686274509803,0.958041958041958,207.45098039215685,Plastic
2026-02-20T19:39:17.186333,13,72,96,5,32,111.5,68.24264061450958,0.3008659810744058,0.15625,0.696875,0.9529914529914529,206.03125,Other
2026-02-20T19:39:17.186534,13,84,59,7,27,95.5,59.899494767189026,0.3344775066037788,0.25925925925925924,0.5052910052910053,0.8526785714285714,197.12698412698413,Other
2026-02-20T19:39:17.186733,13,120,54,3,6,10.0,14.0,0.641141357875468,0.5,0.5555555555555556,1.0,223.77777777777777,Plastic
2026-02-20T19:39:17.186894,13,77,54,4,3,6.0,10.0,0.7539822368615503,1.3333333333333333,0.5,1.0,229.33333333333334,Plastic
2026-02-20T19:39:17.187764,13,194,31,4,4,8.5,11.41421353816986,0.8198545354117053,1.0,0.53125,1.0,206.5,Plastic
2026-02-20T19:39:17.187986,13,178,29,12,4,21.0,26.82842707633972,0.3666390647566213,3.0,0.4375,0.7924528301886793,187.0625,Other
2026-02-20T19:39:17.188210,13,254,28,86,13,470.0,183.4558436870575,0.17548686754386533,6.615384615384615,0.4203935599284436,0.8400357462019661,178.18336314847943,Other
2026-02-20T19:39:17.188440,13,0,0,5,6,15.0,16.82842707633972,0.6656011640749468,0.8333333333333334,0.5,0.8823529411764706,193.0,Plastic
2026-02-20T19:39:17.231088,14,414,474,5,4,11.0,12.828427076339722,0.8399544390775809,1.25,0.55,1.0,226.05,Plastic
2026-02-20T19:39:17.231404,14,366,402,11,4,25.5,25.41421353816986,0.49613137810087926,2.75,0.5795454545454546,0.9272727272727272,194.3409090909091,Plastic
2026-02-20T19:39:17.231718,14,487,348,5,4,10.0,12.828427076339722,0.7635949446159828,1.25,0.5,0.9523809523809523,190.65,Plastic
2026-02-20T19:39:17.231976,14,480,340,4,6,14.5,15.41421353816986,0.7668936186867932,0.6666666666666666,0.6041666666666666,1.0,211.45833333333334,Plastic
2026-02-20T19:39:17.232213,14,513,339,8,20,76.0,47.79898941516876,0.4180093796278512,0.4,0.475,0.7755102040816326,188.4625,Other
2026-02-20T19:39:17.232566,14,259,337,9,6,30.0,22.485281229019165,0.7456490539976561,1.5,0.5555555555555556,0.9375,183.37037037037038,Plastic
2026-02-20T19:39:17.232803,14,256,327,9,3,16.0,20.0,0.5026548245743669,3.0,0.5925925925925926,1.0,210.5185185185185,Plastic
2026-02-20T19:39:17.233032,14,475,320,5,7,15.0,17.656854152679443,0.6046087995284479,0.7142857142857143,0.42857142857142855,0.8823529411764706,185.0,Plastic
2026-02-20T19:39:17.233225,14,523,315,5,5,15.0,14.828427076339722,0.8572568253872993,1.0,0.6,1.0,200.48,Plastic
2026-02-20T19:39:17.233457,14,504,314,20,29,206.0,95.11269760131836,0.28615417432303536,0.6896551724137931,0.35517241379310344,0.6232980332829047,179.64137931034483,Other
2026-02-20T19:39:17.233661,14,229,313,8,11,43.0,28.14213538169861,0.6822824868031551,0.7272727272727273,0.48863636363636365,0.8775510204081632,193.67045454545453,Plastic
2026-02-20T19:39:17.233812,14,485,307,10,27,146.5,64.72792184352875,0.43940415690555207,0.37037037037037035,0.5425925925925926,0.8542274052478134,186.0,Other
2026-02-20T19:39:17.233955,14,521,263,14,3,26.0,30.0,0.36302848441482055,4.666666666666667,0.6190476190476191,1.0,186.23809523809524,Other
2026-02-20T19:39:17.234091,14,478,263,10,6,34.5,25.071067690849304,0.6897366449081561,1.6666666666666667,0.575,0.9078947368421053,187.6,Plastic
2026-02-20T19:39:17.234227,14,543,254,7,6,23.0,19.656854152679443,0.7480139018846566,1.1666666666666667,0.5476190476190477,0.9387755102040817,181.66666666666666,Plastic
2026-02-20T19:39:17.234370,14,170,205,14,10,65.0,38.14213538169861,0.5614527509158456,1.4,0.4642857142857143,0.8496732026143791,182.77142857142857,Plastic
2026-02-20T19:39:17.234508,14,73,138,6,17,59.0,38.485281229019165,0.5005789081371442,0.35294117647058826,0.5784313725490197,0.9076923076923077,203.49019607843138,Plastic
2026-02-20T19:39:17.234643,14,72,97,5,30,82.0,63.65685415267944,0.2542923945855377,0.16666666666666666,0.5466666666666666,0.8770053475935828,203.04,Other
2026-02-20T19:39:17.234778,14,84,60,6,26,90.0,56.485281229019165,0.354471875200353,0.23076923076923078,0.5769230769230769,0.8910891089108911,201.81410256410257,Other
2026-02-20T19:39:17.234914,14,149,59,9,6,25.5,23.071067690849304,0.602025181947225,1.5,0.4722222222222222,0.8225806451612904,182.5185185185185,Plastic
2026-02-20T19:39:17.235050,14,119,56,4,4,8.0,10.828427076339722,0.8573716100878628,1.0,0.5,1.0,210.4375,Plastic
2026-02-20T19:39:17.235181,14,76,54,5,4,10.0,12.828427076339722,0.7635949446159828,1.25,0.5,0.9523809523809523,207.1,Plastic
2026-02-20T19:39:17.235294,14,194,32,4,4,9.0,12.0,0.7853981633974483,1.0,0.5625,1.0,206.9375,Plastic
2026-02-20T19:39:17.235420,14,184,30,6,3,10.0,14.0,0.641141357875468,2.0,0.5555555555555556,1.0,192.77777777777777,Plastic
2026-02-20T19:39:17.235647,14,253,29,87,13,466.5,185.69848430156708,0.1699983844466374,6.6923076923076925,0.4124668435013263,0.8271276595744681,175.72413793103448,Other
2026-02-20T19:39:17.235841,14,104,3,4,4,9.0,12.0,0.7853981633974483,1.0,0.5625,1.0,182.625,Plastic
2026-02-20T19:39:17.236050,14,0,3,4,4,8.5,11.41421353816986,0.8198545354117053,1.0,0.53125,1.0,222.125,Plastic
2026-02-20T19:39:17.241154,15,414,474,5,4,11.0,12.828427076339722,0.8399544390775809,1.25,0.55,1.0,226.05,Plastic
2026-02-20T19:39:17.241599,15,366,402,11,4,25.5,25.41421353816986,0.49613137810087926,2.75,0.5795454545454546,0.9272727272727272,194.3409090909091,Plastic
2026-02-20T19:39:17.241901,15,487,348,5,4,10.0,12.828427076339722,0.7635949446159828,1.25,0.5,0.9523809523809523,190.65,Plastic
2026-02-20T19:39:17.242276,15,480,340,4,6,14.5,15.41421353816986,0.7668936186867932,0.6666666666666666,0.6041666666666666,1.0,211.45833333333334,Plastic
2026-02-20T19:39:17.242583,15,513,339,8,20,76.0,47.79898941516876,0.4180093796278512,0.4,0.475,0.7755102040816326,188.4625,Other
2026-02-20T19:39:17.242827,15,259,337,9,6,30.0,22.485281229019165,0.7456490539976561,1.5,0.5555555555555556,0.9375,183.37037037037038,Plastic
2026-02-20T19:39:17.242984,15,256,327,9,3,16.0,20.0,0.5026548245743669,3.0,0.5925925925925926,1.0,210.5185185185185,Plastic
2026-02-20T19:39:17.243124,15,475,320,5,7,15.0,17.656854152679443,0.6046087995284479,0.7142857142857143,0.42857142857142855,0.8823529411764706,185.0,Plastic
2026-02-20T19:39:17.243247,15,523,315,5,5,15.0,14.828427076339722,0.8572568253872993,1.0,0.6,1.0,200.48,Plastic
2026-02-20T19:39:17.243403,15,504,314,20,29,206.0,95.11269760131836,0.28615417432303536,0.6896551724137931,0.35517241379310344,0.6232980332829047,179.64137931034483,Other
2026-02-20T19:39:17.243554,15,229,313,8,11,43.0,28.14213538169861,0.6822824868031551,0.7272727272727273,0.48863636363636365,0.8775510204081632,193.67045454545453,Plastic
2026-02-20T19:39:17.243701,15,485,307,10,27,146.5,64.72792184352875,0.43940415690555207,0.37037037037037035,0.5425925925925926,0.8542274052478134,186.0,Other
2026-02-20T19:39:17.243844,15,521,263,14,3,26.0,30.0,0.36302848441482055,4.666666666666667,0.6190476190476191,1.0,186.23809523809524,Other
2026-02-20T19:39:17.244029,15,478,263,10,6,34.5,25.071067690849304,0.6897366449081561,1.6666666666666667,0.575,0.9078947368421053,187.6,Plastic
2026-02-20T19:39:17.244197,15,543,254,7,6,23.0,19.656854152679443,0.7480139018846566,1.1666666666666667,0.5476190476190477,0.9387755102040817,181.66666666666666,Plastic
2026-02-20T19:39:17.244605,15,170,205,14,10,65.0,38.14213538169861,0.5614527509158456,1.4,0.4642857142857143,0.8496732026143791,182.77142857142857,Plastic
2026-02-20T19:39:17.244799,15,73,138,6,17,59.0,38.485281229019165,0.5005789081371442,0.35294117647058826,0.5784313725490197,0.9076923076923077,203.49019607843138,Plastic
2026-02-20T19:39:17.245008,15,72,97,5,30,82.0,63.65685415267944,0.2542923945855377,0.16666666666666666,0.5466666666666666,0.8770053475935828,203.04,Other
2026-02-20T19:39:17.245162,15,84,60,6,26,90.0,56.485281229019165,0.354471875200353,0.23076923076923078,0.5769230769230769,0.8910891089108911,201.81410256410257,Other
2026-02-20T19:39:17.245304,15,149,59,9,6,25.5,23.071067690849304,0.602025181947225,1.5,0.4722222222222222,0.8225806451612904,182.5185185185185,Plastic
2026-02-20T19:39:17.245458,15,119,56,4,4,8.0,10.828427076339722,0.8573716100878628,1.0,0.5,1.0,210.4375,Plastic
2026-02-20T19:39:17.245596,15,76,54,5,4,10.0,12.828427076339722,0.7635949446159828,1.25,0.5,0.9523809523809523,207.1,Plastic
2026-02-20T19:39:17.245710,15,194,32,4,4,9.0,12.0,0.7853981633974483,1.0,0.5625,1.0,206.9375,Plastic
2026-02-20T19:39:17.245838,15,184,30,6,3,10.0,14.0,0.641141357875468,2.0,0.5555555555555556,1.0,192.77777777777777,Plastic
2026-02-20T19:39:17.245979,15,253,29,87,13,466.5,185.69848430156708,0.1699983844466374,6.6923076923076925,0.4124668435013263,0.8271276595744681,175.72413793103448,Other
2026-02-20T19:39:17.246098,15,104,3,4,4,9.0,12.0,0.7853981633974483,1.0,0.5625,1.0,182.625,Plastic
2026-02-20T19:39:17.246228,15,0,3,4,4,8.5,11.41421353816986,0.8198545354117053,1.0,0.53125,1.0,222.125,Plastic
2026-02-20T19:39:17.296514,16,414,474,4,3,6.0,10.0,0.7539822368615503,1.3333333333333333,0.5,1.0,240.75,Plastic
2026-02-20T19:39:17.296801,16,366,402,11,4,26.0,24.82842707633972,0.5300108957573295,2.75,0.5909090909090909,0.9454545454545454,195.8409090909091,Plastic
2026-02-20T19:39:17.296993,16,636,368,4,3,6.0,10.0,0.7539822368615503,1.3333333333333333,0.5,1.0,183.16666666666666,Plastic
2026-02-20T19:39:17.297148,16,489,347,4,4,8.0,10.828427076339722,0.8573716100878628,1.0,0.5,1.0,190.0,Plastic
2026-02-20T19:39:17.297292,16,514,340,7,18,62.0,44.14213526248932,0.39984795491445496,0.3888888888888889,0.49206349206349204,0.7654320987654321,190.4920634920635,Other
2026-02-20T19:39:17.297459,16,480,339,4,7,17.0,16.82842707633972,0.7543479859516065,0.5714285714285714,0.6071428571428571,1.0,208.64285714285714,Plastic
2026-02-20T19:39:17.297597,16,257,327,6,3,10.0,14.0,0.641141357875468,2.0,0.5555555555555556,1.0,214.77777777777777,Plastic
2026-02-20T19:39:17.297734,16,474,321,5,7,9.0,18.82842707633972,0.31902468768031766,0.7142857142857143,0.2571428571428571,0.5625,183.42857142857142,Other
2026-02-20T19:39:17.297883,16,523,315,5,4,11.0,12.828427076339722,0.8399544390775809,1.25,0.55,1.0,208.6,Plastic
2026-02-20T19:39:17.298286,16,504,313,20,29,198.5,93.69848430156708,0.2841222490676941,0.6896551724137931,0.3422413793103448,0.6051829268292683,177.51724137931035,Other
2026-02-20T19:39:17.298445,16,230,313,8,10,40.0,27.313708186149597,0.6737651209996283,0.8,0.5,0.851063829787234,196.9375,Plastic
2026-02-20T19:39:17.298597,16,481,307,15,26,162.0,76.97056245803833,0.34361772507719224,0.5769230769230769,0.4153846153846154,0.6390532544378699,179.4102564102564,Other
2026-02-20T19:39:17.298739,16,476,263,12,5,39.0,28.82842707633972,0.589701967181617,2.4,0.65,0.9512195121951219,185.41666666666666,Plastic
2026-02-20T19:39:17.298888,16,545,255,4,4,8.5,11.41421353816986,0.8198545354117053,1.0,0.53125,1.0,181.875,Plastic
2026-02-20T19:39:17.299032,16,171,205,12,9,55.0,33.31370830535889,0.6227684404259777,1.3333333333333333,0.5092592592592593,0.9090909090909091,183.37962962962962,Plastic
2026-02-20T19:39:17.299172,16,520,147,5,4,11.5,13.41421353816986,0.8031141418478369,1.25,0.575,1.0,182.35,Plastic
2026-02-20T19:39:17.299304,16,73,138,6,16,53.0,36.485281229019165,0.500322849467399,0.375,0.5520833333333334,0.8907563025210085,203.94791666666666,Plastic
2026-02-20T19:39:17.299438,16,72,97,4,29,75.0,60.82842707633972,0.25471701373818373,0.13793103448275862,0.646551724137931,0.9493670886075949,211.23275862068965,Other
2026-02-20T19:39:17.299595,16,153,59,4,4,8.5,11.41421353816986,0.8198545354117053,1.0,0.53125,1.0,185.125,Plastic
2026-02-20T19:39:17.299726,16,84,59,6,27,88.0,58.485281229019165,0.323295285150931,0.2222222222222222,0.5432098765432098,0.8712871287128713,200.0679012345679,Other
2026-02-20T19:39:17.299862,16,182,56,15,14,114.0,48.14213538169861,0.6181075034423379,1.0714285714285714,0.5428571428571428,0.8837209302325582,192.1,Plastic
2026-02-20T19:39:17.299988,16,120,55,3,4,6.0,10.0,0.7539822368615503,0.75,0.5,1.0,220.41666666666666,Plastic
2026-02-20T19:39:17.300112,16,77,54,4,3,6.0,10.0,0.7539822368615503,1.3333333333333333,0.5,1.0,219.66666666666666,Plastic
2026-02-20T19:39:17.300252,16,194,31,4,4,8.5,11.41421353816986,0.8198545354117053,1.0,0.53125,1.0,198.6875,Plastic
2026-02-20T19:39:17.300366,16,182,29,7,3,12.0,16.0,0.5890486225480862,2.3333333333333335,0.5714285714285714,1.0,190.23809523809524,Plastic
2026-02-20T19:39:17.300510,16,253,28,86,13,435.5,184.87005722522736,0.16012711241693375,6.615384615384615,0.38953488372093026,0.8240302743614002,174.55277280858675,Other
2026-02-20T19:39:17.300631,16,363,27,4,3,6.0,10.0,0.7539822368615503,1.3333333333333333,0.5,1.0,186.08333333333334,Plastic
2026-02-20T19:39:17.300766,16,552,0,4,6,13.0,14.828427076339722,0.7429559153356595,0.6666666666666666,0.5416666666666666,0.9629629629629629,198.5,Plastic
2026-02-20T19:39:17.300924,16,504,0,9,4,19.0,20.82842707633972,0.550364631601732,2.25,0.5277777777777778,0.926829268292683,199.44444444444446,Plastic
2026-02-20T19:39:17.301062,16,0,0,5,6,15.0,16.82842707633972,0.6656011640749468,0.8333333333333334,0.5,0.8823529411764706,194.1,Plastic
2026-02-20T19:39:17.328149,17,414,474,5,4,11.0,12.828427076339722,0.8399544390775809,1.25,0.55,1.0,222.8,Plastic
2026-02-20T19:39:17.328412,17,368,403,7,3,12.0,16.0,0.5890486225480862,2.3333333333333335,0.5714285714285714,1.0,199.61904761904762,Plastic
2026-02-20T19:39:17.328576,17,514,353,5,6,18.0,16.82842707633972,0.7987213968899363,0.8333333333333334,0.6,0.972972972972973,205.53333333333333,Plastic
2026-02-20T19:39:17.328748,17,581,345,6,9,31.0,23.656854152679443,0.6960774634321742,0.6666666666666666,0.5740740740740741,0.9117647058823529,195.61111111111111,Plastic
2026-02-20T19:39:17.328897,17,515,343,6,7,25.5,19.071067690849304,0.8810489322064039,0.8571428571428571,0.6071428571428571,1.0,197.38095238095238,Plastic
2026-02-20T19:39:17.329039,17,480,339,4,6,14.5,15.41421353816986,0.7668936186867932,0.6666666666666666,0.6041666666666666,1.0,207.375,Plastic
2026-02-20T19:39:17.329197,17,257,327,7,3,12.0,16.0,0.5890486225480862,2.3333333333333335,0.5714285714285714,1.0,209.57142857142858,Plastic
2026-02-20T19:39:17.329347,17,523,315,5,5,13.5,14.242640614509583,0.8363009706092603,1.0,0.54,0.9642857142857143,196.96,Plastic
2026-02-20T19:39:17.329512,17,504,314,20,29,188.0,95.94112479686737,0.25665994790614977,0.6896551724137931,0.32413793103448274,0.5847589424572317,174.97413793103448,Other
2026-02-20T19:39:17.329659,17,229,313,8,10,38.0,27.313708305358887,0.640076859362481,0.8,0.475,0.8444444444444444,194.25,Plastic
2026-02-20T19:39:17.329803,17,481,308,13,26,132.0,75.79898941516876,0.2887067675703395,0.5,0.3905325443786982,0.5959367945823928,179.45562130177515,Other
2026-02-20T19:39:17.329948,17,477,264,8,4,21.0,20.0,0.6597344572538566,2.0,0.65625,1.0,183.40625,Plastic
2026-02-20T19:39:17.330082,17,171,205,12,9,39.0,34.485281229019165,0.41210409209639914,1.3333333333333333,0.3611111111111111,0.6782608695652174,180.5,Other
2026-02-20T19:39:17.330218,17,526,139,5,6,18.0,16.82842707633972,0.7987213968899363,0.8333333333333334,0.6,0.972972972972973,187.33333333333334,Plastic
2026-02-20T19:39:17.330353,17,73,139,5,14,43.5,32.24264061450958,0.5258209868574026,0.35714285714285715,0.6214285714285714,0.9560439560439561,215.61428571428573,Plastic
2026-02-20T19:39:17.330489,17,112,137,5,25,55.5,54.24264061450958,0.23703976076812178,0.2,0.444,0.74,184.696,Other
2026-02-20T19:39:17.330619,17,72,98,4,28,71.0,58.82842707633972,0.2578064267691279,0.14285714285714285,0.6339285714285714,0.9403973509933775,208.55357142857142,Other
2026-02-20T19:39:17.330757,17,84,59,6,26,86.0,56.485281229019165,0.33871756963589283,0.23076923076923078,0.5512820512820513,0.8865979381443299,199.67307692307693,Other
2026-02-20T19:39:17.330894,17,184,57,13,12,90.5,41.899494767189026,0.6477998913859238,1.0833333333333333,0.5801282051282052,0.9095477386934674,193.3846153846154,Plastic
2026-02-20T19:39:17.331033,17,163,51,15,12,110.0,52.14213538169861,0.5084226891554595,1.25,0.6111111111111112,0.7942238267148014,184.8,Plastic
2026-02-20T19:39:17.331173,17,254,30,63,10,288.5,134.3847759962082,0.20074999265295512,6.3,0.4579365079365079,0.836231884057971,177.7746031746032,Other
2026-02-20T19:39:17.331289,17,203,28,4,3,6.0,10.0,0.7539822368615503,1.3333333333333333,0.5,1.0,189.0,Plastic
2026-02-20T19:39:17.331419,17,378,23,9,5,24.5,22.242640614509583,0.6223049547255951,1.8,0.5444444444444444,0.9074074074074074,182.26666666666668,Plastic
2026-02-20T19:39:17.331778,17,394,21,7,6,19.0,20.82842707633972,0.550364631601732,1.1666666666666667,0.4523809523809524,0.7916666666666666,183.45238095238096,Plastic
2026-02-20T19:39:17.331964,17,470,9,4,3,6.0,10.0,0.7539822368615503,1.3333333333333333,0.5,1.0,205.25,Plastic
2026-02-20T19:39:17.332149,17,552,0,4,6,12.0,14.828427076339722,0.6858054603098395,0.6666666666666666,0.5,0.9230769230769231,195.79166666666666,Plastic
2026-02-20T19:39:17.332320,17,505,0,8,4,16.5,19.41421353816986,0.5501159081033724,2.0,0.515625,0.8918918918918919,202.625,Plastic
2026-02-20T19:39:17.332496,17,456,0,38,14,179.0,105.4558435678482,0.2022653986898599,2.7142857142857144,0.33646616541353386,0.5295857988165681,182.06954887218046,Other
2026-02-20T19:39:17.332660,17,0,0,5,6,14.5,16.242640614509583,0.6906604636818895,0.8333333333333334,0.48333333333333334,0.90625,192.6,Plastic
2026-02-20T19:39:17.337726,18,414,474,5,4,11.0,12.828427076339722,0.8399544390775809,1.25,0.55,1.0,222.8,Plastic
2026-02-20T19:39:17.337888,18,368,403,7,3,12.0,16.0,0.5890486225480862,2.3333333333333335,0.5714285714285714,1.0,199.61904761904762,Plastic
2026-02-20T19:39:17.338041,18,514,353,5,6,18.0,16.82842707633972,0.7987213968899363,0.8333333333333334,0.6,0.972972972972973,205.53333333333333,Plastic
2026-02-20T19:39:17.338184,18,581,345,6,9,31.0,23.656854152679443,0.6960774634321742,0.6666666666666666,0.5740740740740741,0.9117647058823529,195.61111111111111,Plastic
2026-02-20T19:39:17.338352,18,515,343,6,7,25.5,19.071067690849304,0.8810489322064039,0.8571428571428571,0.6071428571428571,1.0,197.38095238095238,Plastic
2026-02-20T19:39:17.338510,18,480,339,4,6,14.5,15.41421353816986,0.7668936186867932,0.6666666666666666,0.6041666666666666,1.0,207.375,Plastic
2026-02-20T19:39:17.338629,18,257,327,7,3,12.0,16.0,0.5890486225480862,2.3333333333333335,0.5714285714285714,1.0,209.57142857142858,Plastic
2026-02-20T19:39:17.339076,18,523,315,5,5,13.5,14.242640614509583,0.8363009706092603,1.0,0.54,0.9642857142857143,196.96,Plastic
2026-02-20T19:39:17.339238,18,504,314,20,29,188.0,95.94112479686737,0.25665994790614977,0.6896551724137931,0.32413793103448274,0.5847589424572317,174.97413793103448,Other
2026-02-20T19:39:17.339424,18,229,313,8,10,38.0,27.313708305358887,0.640076859362481,0.8,0.475,0.8444444444444444,194.25,Plastic
2026-02-20T19:39:17.339575,18,481,308,13,26,132.0,75.79898941516876,0.2887067675703395,0.5,0.3905325443786982,0.5959367945823928,179.45562130177515,Other
2026-02-20T19:39:17.339721,18,477,264,8,4,21.0,20.0,0.6597344572538566,2.0,0.65625,1.0,183.40625,Plastic
2026-02-20T19:39:17.339915,18,171,205,12,9,39.0,34.485281229019165,0.41210409209639914,1.3333333333333333,0.3611111111111111,0.6782608695652174,180.5,Other
2026-02-20T19:39:17.340075,18,526,139,5,6,18.0,16.82842707633972,0.7987213968899363,0.8333333333333334,0.6,0.972972972972973,187.33333333333334,Plastic
2026-02-20T19:39:17.340209,18,73,139,5,14,43.5,32.24264061450958,0.5258209868574026,0.35714285714285715,0.6214285714285714,0.9560439560439561,215.61428571428573,Plastic
2026-02-20T19:39:17.340346,18,112,137,5,25,55.5,54.24264061450958,0.23703976076812178,0.2,0.444,0.74,184.696,Other
2026-02-20T19:39:17.340478,18,72,98,4,28,71.0,58.82842707633972,0.2578064267691279,0.14285714285714285,0.6339285714285714,0.9403973509933775,208.55357142857142,Other
2026-02-20T19:39:17.340616,18,84,59,6,26,86.0,56.485281229019165,0.33871756963589283,0.23076923076923078,0.5512820512820513,0.8865979381443299,199.67307692307693,Other
2026-02-20T19:39:17.340772,18,184,57,13,12,90.5,41.899494767189026,0.6477998913859238,1.0833333333333333,0.5801282051282052,0.9095477386934674,193.3846153846154,Plastic
2026-02-20T19:39:17.340939,18,163,51,15,12,110.0,52.14213538169861,0.5084226891554595,1.25,0.6111111111111112,0.7942238267148014,184.8,Plastic
2026-02-20T19:39:17.341076,18,254,30,63,10,288.5,134.3847759962082,0.20074999265295512,6.3,0.4579365079365079,0.836231884057971,177.7746031746032,Other
2026-02-20T19:39:17.341191,18,203,28,4,3,6.0,10.0,0.7539822368615503,1.3333333333333333,0.5,1.0,189.0,Plastic
2026-02-20T19:39:17.341323,18,378,23,9,5,24.5,22.242640614509583,0.6223049547255951,1.8,0.5444444444444444,0.9074074074074074,182.26666666666668,Plastic
2026-02-20T19:39:17.341638,18,394,21,7,6,19.0,20.82842707633972,0.550364631601732,1.1666666666666667,0.4523809523809524,0.7916666666666666,183.45238095238096,Plastic
2026-02-20T19:39:17.341849,18,470,9,4,3,6.0,10.0,0.7539822368615503,1.3333333333333333,0.5,1.0,205.25,Plastic
2026-02-20T19:39:17.342071,18,552,0,4,6,12.0,14.828427076339722,0.6858054603098395,0.6666666666666666,0.5,0.9230769230769231,195.79166666666666,Plastic
2026-02-20T19:39:17.342245,18,505,0,8,4,16.5,19.41421353816986,0.5501159081033724,2.0,0.515625,0.8918918918918919,202.625,Plastic
2026-02-20T19:39:17.342444,18,456,0,38,14,179.0,105.4558435678482,0.2022653986898599,2.7142857142857144,0.33646616541353386,0.5295857988165681,182.06954887218046,Other
2026-02-20T19:39:17.342655,18,0,0,5,6,14.5,16.242640614509583,0.6906604636818895,0.8333333333333334,0.48333333333333334,0.90625,192.6,Plastic
2026-02-20T19:39:17.359336,19,414,474,4,4,8.0,10.828427076339722,0.8573716100878628,1.0,0.5,1.0,228.25,Plastic
2026-02-20T19:39:17.359637,19,368,403,9,4,22.0,20.82842707633972,0.6372643102756896,2.25,0.6111111111111112,0.9777777777777777,194.80555555555554,Plastic
2026-02-20T19:39:17.359903,19,514,354,5,5,15.0,14.828427076339722,0.8572568253872993,1.0,0.6,1.0,203.64,Plastic
2026-02-20T19:39:17.360062,19,591,346,3,4,6.0,10.0,0.7539822368615503,0.75,0.5,1.0,183.83333333333334,Plastic
2026-02-20T19:39:17.360208,19,581,345,6,10,37.0,25.656854152679443,0.7063253237697841,0.6,0.6166666666666667,0.925,192.65,Plastic
2026-02-20T19:39:17.360364,19,514,344,6,7,25.5,19.071067690849304,0.8810489322064039,0.8571428571428571,0.6071428571428571,0.9807692307692307,200.73809523809524,Plastic
2026-02-20T19:39:17.360502,19,479,340,5,6,17.5,16.242640614509583,0.8335557320298667,0.8333333333333334,0.5833333333333334,0.9722222222222222,202.53333333333333,Plastic
2026-02-20T19:39:17.360622,19,259,328,4,3,6.0,10.0,0.7539822368615503,1.3333333333333333,0.5,1.0,207.83333333333334,Plastic
2026-02-20T19:39:17.360774,19,523,316,5,5,13.5,14.242640614509583,0.8363009706092603,1.0,0.54,0.9642857142857143,194.92,Plastic
2026-02-20T19:39:17.360942,19,504,315,20,28,165.5,92.5269113779068,0.2429247315684941,0.7142857142857143,0.2955357142857143,0.5610169491525424,173.76071428571427,Other
2026-02-20T19:39:17.361083,19,229,314,9,10,44.0,29.313708186149597,0.6434592080541391,0.9,0.4888888888888889,0.8301886792452831,186.07777777777778,Plastic
2026-02-20T19:39:17.361253,19,481,308,14,26,117.0,77.79898953437805,0.2429113530520742,0.5384615384615384,0.32142857142857145,0.5234899328859061,177.12637362637363,Other
2026-02-20T19:39:17.361416,19,171,209,7,6,26.5,20.242640614509583,0.8126834365935457,1.1666666666666667,0.6309523809523809,0.9814814814814815,187.04761904761904,Plastic
2026-02-20T19:39:17.361553,19,526,140,5,6,15.5,16.242640614509583,0.7382922197978818,0.8333333333333334,0.5166666666666667,0.9393939393939394,185.13333333333333,Plastic
2026-02-20T19:39:17.361719,19,73,139,5,14,44.0,31.656854152679443,0.5517305470901603,0.35714285714285715,0.6285714285714286,0.967032967032967,213.9857142857143,Plastic
2026-02-20T19:39:17.361852,19,113,138,3,21,40.0,44.0,0.25963575649502424,0.14285714285714285,0.6349206349206349,1.0,192.73015873015873,Other
2026-02-20T19:39:17.362000,19,72,99,4,27,69.0,56.82842707633972,0.26848973333267667,0.14814814814814814,0.6388888888888888,0.9452054794520548,209.36111111111111,Other
2026-02-20T19:39:17.362184,19,201,70,3,5,8.0,12.0,0.6981317007977318,0.6,0.5333333333333333,1.0,202.73333333333332,Plastic
2026-02-20T19:39:17.362319,19,84,60,6,26,84.0,56.485281229019165,0.33084041685366283,0.23076923076923078,0.5384615384615384,0.865979381443299,199.3653846153846,Other
2026-02-20T19:39:17.362492,19,184,57,13,14,93.5,43.55634891986847,0.6193248961940563,0.9285714285714286,0.5137362637362637,0.8990384615384616,190.14835164835165,Plastic
2026-02-20T19:39:17.362627,19,163,52,14,12,95.0,50.14213538169861,0.47481870482807853,1.1666666666666667,0.5654761904761905,0.7630522088353414,183.85119047619048,Plastic
2026-02-20T19:39:17.362918,19,314,32,7,3,12.0,16.0,0.5890486225480862,2.3333333333333335,0.5714285714285714,1.0,183.47619047619048,Plastic
2026-02-20T19:39:17.363145,19,255,31,56,10,254.5,122.87005722522736,0.21183881072481459,5.6,0.4544642857142857,0.7940717628705148,178.15535714285716,Other
2026-02-20T19:39:17.363309,19,470,10,5,3,8.0,12.0,0.6981317007977318,1.6666666666666667,0.5333333333333333,1.0,199.26666666666668,Plastic
2026-02-20T19:39:17.363439,19,552,2,3,4,6.0,10.0,0.7539822368615503,0.75,0.5,1.0,209.5,Plastic
2026-02-20T19:39:17.363593,19,0,2,5,5,11.5,14.242640614509583,0.7124045305189995,1.0,0.46,0.92,203.36,Plastic
2026-02-20T19:39:17.363742,19,637,0,3,6,6.5,13.41421353816986,0.4539340801748644,0.5,0.3611111111111111,0.8125,183.44444444444446,Plastic
2026-02-20T19:39:17.363886,19,504,0,9,4,19.0,20.82842707633972,0.550364631601732,2.25,0.5277777777777778,0.926829268292683,200.08333333333334,Plastic
2026-02-20T19:39:17.364028,19,456,0,39,15,196.5,108.04163014888763,0.2115388612777196,2.6,0.33589743589743587,0.5428176795580111,181.22051282051282,Other
2026-02-20T19:39:17.393379,20,414,475,4,3,6.0,10.0,0.7539822368615503,1.3333333333333333,0.5,1.0,236.58333333333334,Plastic
2026-02-20T19:39:17.393612,20,369,404,7,3,12.0,16.0,0.5890486225480862,2.3333333333333335,0.5714285714285714,1.0,198.1904761904762,Plastic
2026-02-20T19:39:17.393770,20,581,346,6,10,29.5,25.071067690849304,0.5897748123127712,0.6,0.49166666666666664,0.8309859154929577,189.41666666666666,Plastic
2026-02-20T19:39:17.393916,20,514,345,6,15,44.0,37.3137081861496,0.3971236202416989,0.4,0.4888888888888889,0.7521367521367521,190.92222222222222,Other
2026-02-20T19:39:17.394099,20,479,341,5,6,18.0,15.656854152679443,0.9227272726407235,0.8333333333333334,0.6,1.0,203.23333333333332,Plastic
2026-02-20T19:39:17.394367,20,523,317,4,4,8.0,10.828427076339722,0.8573716100878628,1.0,0.5,1.0,197.3125,Plastic
2026-02-20T19:39:17.394519,20,504,316,19,28,153.0,91.11269795894623,0.23160262702105222,0.6785714285714286,0.287593984962406,0.5387323943661971,172.92857142857142,Other
2026-02-20T19:39:17.394662,20,229,315,8,10,39.0,27.313708066940308,0.6569209987088341,0.8,0.4875,0.8478260869565217,191.4625,Plastic
2026-02-20T19:39:17.394853,20,480,309,14,26,114.5,77.21320295333862,0.24134161482605443,0.5384615384615384,0.31456043956043955,0.5146067415730337,176.09065934065933,Other
2026-02-20T19:39:17.395028,20,171,210,6,5,19.0,16.82842707633972,0.843094807828266,1.2,0.6333333333333333,1.0,186.43333333333334,Plastic
2026-02-20T19:39:17.395167,20,576,188,3,4,6.0,10.0,0.7539822368615503,0.75,0.5,1.0,182.33333333333334,Plastic
2026-02-20T19:39:17.395301,20,73,140,5,14,44.5,32.24264061450958,0.5379088256357337,0.35714285714285715,0.6357142857142857,0.956989247311828,214.1,Plastic
2026-02-20T19:39:17.395435,20,113,139,3,20,38.0,42.0,0.2707041288807531,0.15,0.6333333333333333,1.0,191.28333333333333,Other
2026-02-20T19:39:17.395566,20,518,131,12,5,33.5,28.242640614509583,0.5277692364094144,2.4,0.5583333333333333,0.881578947368421,182.86666666666667,Plastic
2026-02-20T19:39:17.395702,20,72,100,4,27,66.0,56.82842707633972,0.2568162666660386,0.14814814814814814,0.6111111111111112,0.9230769230769231,207.8148148148148,Other
2026-02-20T19:39:17.395852,20,201,71,3,5,8.0,12.0,0.6981317007977318,0.6,0.5333333333333333,1.0,198.6,Plastic
2026-02-20T19:39:17.395983,20,84,61,6,25,79.0,54.485281229019165,0.33440946539438665,0.24,0.5266666666666666,0.8729281767955801,198.26,Other
2026-02-20T19:39:17.396142,20,184,58,12,13,75.5,40.72792196273804,0.571968763789202,0.9230769230769231,0.483974358974359,0.877906976744186,191.83333333333334,Plastic
2026-02-20T19:39:17.396279,20,164,52,13,12,87.5,44.72792184352875,0.5496174037475433,1.0833333333333333,0.5608974358974359,0.813953488372093,183.82051282051282,Plastic
2026-02-20T19:39:17.396422,20,261,32,46,9,177.5,100.38477599620819,0.22134642548674496,5.111111111111111,0.428743961352657,0.797752808988764,178.7463768115942,Other
2026-02-20T19:39:17.396557,20,209,29,6,3,10.0,14.0,0.641141357875468,2.0,0.5555555555555556,1.0,189.66666666666666,Plastic
2026-02-20T19:39:17.396670,20,470,11,4,3,6.0,10.0,0.7539822368615503,1.3333333333333333,0.5,1.0,197.5,Plastic
2026-02-20T19:39:17.396935,20,0,4,4,4,7.5,11.41421353816986,0.7234010606573869,1.0,0.46875,0.9375,210.6875,Plastic
2026-02-20T19:39:17.397182,20,638,0,2,7,6.0,14.0,0.38468481472528077,0.2857142857142857,0.42857142857142855,1.0,182.14285714285714,Other
2026-02-20T19:39:17.397379,20,504,0,9,5,26.0,22.82842707633972,0.6269475859030688,1.8,0.5777777777777777,0.9122807017543859,195.93333333333334,Plastic
2026-02-20T19:39:17.397567,20,456,0,40,16,227.0,111.11269760131836,0.2310512583490596,2.5,0.3546875,0.5725094577553594,179.7890625,Other
2026-02-20T19:39:17.423520,21,370,404,6,3,10.0,14.0,0.641141357875468,2.0,0.5555555555555556,1.0,198.0,Plastic
2026-02-20T19:39:17.423699,21,513,355,5,5,15.0,14.828427076339722,0.8572568253872993,1.0,0.6,1.0,208.4,Plastic
2026-02-20T19:39:17.423852,21,581,347,6,9,28.5,23.071067690849304,0.6728516739410161,0.6666666666666666,0.5277777777777778,0.8769230769230769,190.85185185185185,Plastic
2026-02-20T19:39:17.424005,21,514,346,6,6,22.0,17.656854152679443,0.8867595726417237,1.0,0.6111111111111112,1.0,203.13888888888889,Plastic
2026-02-20T19:39:17.424149,21,479,342,5,5,14.5,14.242640614509583,0.8982491906543908,1.0,0.58,1.0,204.96,Plastic
2026-02-20T19:39:17.424299,21,259,329,4,3,6.0,10.0,0.7539822368615503,1.3333333333333333,0.5,1.0,210.41666666666666,Plastic
2026-02-20T19:39:17.424453,21,523,318,4,3,6.0,10.0,0.7539822368615503,1.3333333333333333,0.5,1.0,201.75,Plastic
2026-02-20T19:39:17.424595,21,504,317,19,27,139.5,92.87005722522736,0.2032509786179257,0.7037037037037037,0.2719298245614035,0.4982142857142857,173.4834307992203,Other
2026-02-20T19:39:17.424736,21,229,316,7,9,36.0,24.485281109809875,0.754574589199474,0.7777777777777778,0.5714285714285714,0.935064935064935,206.14285714285714,Plastic
2026-02-20T19:39:17.424881,21,485,309,9,26,109.5,60.72792172431946,0.37311881197637126,0.34615384615384615,0.46794871794871795,0.7906137184115524,182.0940170940171,Other
2026-02-20T19:39:17.425064,21,171,211,5,4,11.5,13.41421353816986,0.8031141418478369,1.25,0.575,1.0,185.4,Plastic
2026-02-20T19:39:17.425189,21,526,142,3,4,6.0,10.0,0.7539822368615503,0.75,0.5,1.0,188.0,Plastic
2026-02-20T19:39:17.425320,21,113,141,3,18,34.0,38.0,0.29588407263726585,0.16666666666666666,0.6296296296296297,1.0,191.2962962962963,Other
2026-02-20T19:39:17.425454,21,73,140,5,15,47.0,33.65685415267944,0.5213875785253751,0.3333333333333333,0.6266666666666667,0.9591836734693877,210.13333333333333,Plastic
2026-02-20T19:39:17.425590,21,517,131,11,6,32.0,26.485281229019165,0.573258713626973,1.8333333333333333,0.48484848484848486,0.8311688311688312,181.86363636363637,Plastic
2026-02-20T19:39:17.425757,21,72,101,4,27,65.0,56.82842707633972,0.2529251111104925,0.14814814814814814,0.6018518518518519,0.9154929577464789,208.12037037037038,Other
2026-02-20T19:39:17.425891,21,201,72,3,5,8.0,12.0,0.6981317007977318,0.6,0.5333333333333333,1.0,200.46666666666667,Plastic
2026-02-20T19:39:17.426022,21,84,62,6,23,70.0,50.485281229019165,0.34512652952034284,0.2608695652173913,0.5072463768115942,0.8536585365853658,199.731884057971,Other
2026-02-20T19:39:17.426193,21,188,59,8,13,64.5,33.899494886398315,0.7053150069693177,0.6153846153846154,0.6201923076923077,0.9555555555555556,197.03846153846155,Plastic
2026-02-20T19:39:17.426327,21,164,53,13,11,71.5,43.55634891986847,0.4736013912072195,1.1818181818181819,0.5,0.7486910994764397,183.13986013986013,Plastic
2026-02-20T19:39:17.426467,21,261,33,46,9,180.0,100.97056245803833,0.22186705469164897,5.111111111111111,0.43478260869565216,0.7741935483870968,178.18840579710144,Other
2026-02-20T19:39:17.426584,21,209,30,4,3,6.0,10.0,0.7539822368615503,1.3333333333333333,0.5,1.0,191.83333333333334,Plastic
2026-02-20T19:39:17.426712,21,218,29,4,3,6.0,10.0,0.7539822368615503,1.3333333333333333,0.5,1.0,191.91666666666666,Plastic
2026-02-20T19:39:17.426833,21,382,27,7,3,12.0,16.0,0.5890486225480862,2.3333333333333335,0.5714285714285714,1.0,183.33333333333334,Plastic
2026-02-20T19:39:17.426963,21,638,0,2,6,5.0,12.0,0.4363323129985824,0.3333333333333333,0.4166666666666667,1.0,183.08333333333334,Other
2026-02-20T19:39:17.427378,21,504,0,9,6,33.0,24.82842707633972,0.6727061369227644,1.5,0.6111111111111112,0.9166666666666666,194.96296296296296,Plastic
2026-02-20T19:39:17.427703,21,455,0,46,16,257.0,123.11269772052765,0.21307735223721416,2.875,0.3491847826086957,0.5642151481888035,179.0108695652174,Other
2026-02-20T19:39:17.455881,22,369,404,8,4,17.0,18.82842707633972,0.6026021878406002,2.0,0.53125,0.918918918918919,193.34375,Plastic
2026-02-20T19:39:17.456062,22,513,355,5,5,14.5,14.242640614509583,0.8982491906543908,1.0,0.58,1.0,206.72,Plastic
2026-02-20T19:39:17.456219,22,390,351,13,21,161.5,56.041630029678345,0.6461909528363333,0.6190476190476191,0.5915750915750916,0.8849315068493151,182.16117216117217,Other
2026-02-20T19:39:17.456382,22,580,348,6,8,23.5,22.242640614509583,0.5969047524918975,0.75,0.4895833333333333,0.8392857142857143,190.20833333333334,Plastic
2026-02-20T19:39:17.456539,22,514,346,5,6,19.0,16.82842707633972,0.843094807828266,0.8333333333333334,0.6333333333333333,1.0,206.86666666666667,Plastic
2026-02-20T19:39:17.456676,22,479,342,4,5,11.5,13.41421353816986,0.8031141418478369,0.8,0.575,1.0,208.5,Plastic
2026-02-20T19:39:17.456817,22,504,327,10,17,84.0,46.14213526248932,0.4957854465182849,0.5882352941176471,0.49411764705882355,0.7962085308056872,183.0235294117647,Plastic
2026-02-20T19:39:17.456955,22,519,325,4,6,14.5,15.41421353816986,0.7668936186867932,0.6666666666666666,0.6041666666666666,1.0,198.0,Plastic
2026-02-20T19:39:17.457072,22,523,318,4,3,6.0,10.0,0.7539822368615503,1.3333333333333333,0.5,1.0,204.25,Plastic
2026-02-20T19:39:17.457223,22,512,318,6,7,24.5,20.242640614509583,0.7513488376053535,0.8571428571428571,0.5833333333333334,0.9245283018867925,192.35714285714286,Plastic
2026-02-20T19:39:17.457492,22,396,316,39,30,319.0,119.59797894954681,0.28025467485191674,1.3,0.2726495726495726,0.6236559139784946,172.55811965811967,Other
2026-02-20T19:39:17.457639,22,229,316,7,10,40.0,25.313708186149597,0.7844374455346587,0.7,0.5714285714285714,0.9411764705882353,201.71428571428572,Plastic
2026-02-20T19:39:17.457779,22,485,310,8,25,100.0,59.3137081861496,0.3571903453471443,0.32,0.5,0.7751937984496124,183.95,Other
2026-02-20T19:39:17.457917,22,172,211,4,5,11.5,13.41421353816986,0.8031141418478369,0.8,0.575,1.0,184.5,Plastic
2026-02-20T19:39:17.458050,22,575,180,4,7,17.5,17.41421353816986,0.7251705882634689,0.5714285714285714,0.625,1.0,182.57142857142858,Plastic
2026-02-20T19:39:17.458166,22,113,141,3,4,6.0,10.0,0.7539822368615503,0.75,0.5,1.0,194.66666666666666,Plastic
2026-02-20T19:39:17.458298,22,73,141,5,15,48.0,33.65685415267944,0.5324809312599574,0.3333333333333333,0.64,0.9696969696969697,210.30666666666667,Plastic
2026-02-20T19:39:17.458409,22,500,134,4,4,9.0,12.0,0.7853981633974483,1.0,0.5625,1.0,182.25,Plastic
2026-02-20T19:39:17.458535,22,518,132,10,5,26.5,24.242640614509583,0.5666252077600739,2.0,0.53,0.8688524590163934,182.28,Plastic
2026-02-20T19:39:17.458733,22,507,116,23,15,166.0,73.4558436870575,0.3866030265044274,1.5333333333333334,0.4811594202898551,0.6931106471816284,183.99710144927536,Other
2026-02-20T19:39:17.458867,22,71,102,5,27,71.0,57.65685415267944,0.26838999788394113,0.18518518518518517,0.5259259259259259,0.8208092485549133,198.31851851851852,Other
2026-02-20T19:39:17.458999,22,129,70,5,7,19.0,17.656854152679443,0.7658378127360341,0.7142857142857143,0.5428571428571428,0.926829268292683,193.97142857142856,Plastic
2026-02-20T19:39:17.459157,22,84,62,6,22,68.0,48.485281229019165,0.36349541629891535,0.2727272727272727,0.5151515151515151,0.84472049689441,200.06060606060606,Other
2026-02-20T19:39:17.459350,22,184,59,12,13,70.5,40.72792172431946,0.534090043963503,0.9230769230769231,0.4519230769230769,0.8197674418604651,189.33333333333334,Plastic
2026-02-20T19:39:17.459486,22,164,54,11,11,64.5,39.899494767189026,0.5091371484306376,1.0,0.5330578512396694,0.7588235294117647,182.7520661157025,Plastic
2026-02-20T19:39:17.459624,22,261,34,45,8,152.5,98.72792184352875,0.1966073351360305,5.625,0.4236111111111111,0.7568238213399504,179.0861111111111,Other
2026-02-20T19:39:17.459772,22,0,5,4,4,7.5,11.41421353816986,0.7234010606573869,1.0,0.46875,0.9375,209.75,Plastic
2026-02-20T19:39:17.459901,22,638,2,2,11,10.0,22.0,0.25963575649502424,0.18181818181818182,0.45454545454545453,1.0,182.3181818181818,Other
2026-02-20T19:39:17.460035,22,504,0,8,6,30.0,22.82842707633972,0.7234010606573869,1.3333333333333333,0.625,0.9375,199.0,Plastic
2026-02-20T19:39:17.460177,22,456,0,45,17,247.0,127.94112491607666,0.1896210239633221,2.6470588235294117,0.32287581699346407,0.5317545748116254,178.52941176470588,Other
2026-02-20T19:39:17.490098,23,369,405,6,3,10.0,14.0,0.641141357875468,2.0,0.5555555555555556,1.0,196.0,Plastic
2026-02-20T19:39:17.490278,23,513,355,5,5,14.5,14.242640614509583,0.8982491906543908,1.0,0.58,1.0,204.64,Plastic
2026-02-20T19:39:17.490429,23,391,354,9,14,85.0,38.485281229019165,0.7211730032484283,0.6428571428571429,0.6746031746031746,0.9444444444444444,182.82539682539684,Plastic
2026-02-20T19:39:17.490576,23,581,348,5,8,23.5,20.242640614509583,0.7206815381112576,0.625,0.5875,0.94,192.6,Plastic
2026-02-20T19:39:17.490734,23,514,346,5,6,18.5,16.242640614509583,0.881187488145859,0.8333333333333334,0.6166666666666667,1.0,203.56666666666666,Plastic
2026-02-20T19:39:17.490881,23,479,342,4,6,13.0,14.828427076339722,0.7429559153356595,0.6666666666666666,0.5416666666666666,0.9629629629629629,200.875,Plastic
2026-02-20T19:39:17.491034,23,579,330,53,18,457.5,128.66904652118683,0.34725842967381776,2.9444444444444446,0.47955974842767296,0.7887931034482759,178.90670859538784,Other
2026-02-20T19:39:17.491177,23,397,329,14,17,122.0,50.627416491508484,0.5981335494034,0.8235294117647058,0.5126050420168067,0.8413793103448276,181.4327731092437,Other
2026-02-20T19:39:17.491341,23,504,318,18,26,123.5,92.04163014888763,0.1831927229166973,0.6923076923076923,0.2638888888888889,0.4740882917466411,171.91239316239316,Other
2026-02-20T19:39:17.491505,23,416,317,18,15,107.5,53.21320295333862,0.4770671662746721,1.2,0.39814814814814814,0.7875457875457875,179.1074074074074,Plastic
2026-02-20T19:39:17.491664,23,229,316,7,10,33.5,25.899494647979736,0.6275843291587875,0.7,0.4785714285714286,0.8375,197.64285714285714,Plastic
2026-02-20T19:39:17.491820,23,485,310,8,25,85.0,60.14213538169861,0.29530520504515223,0.32,0.425,0.7024793388429752,182.7,Other
2026-02-20T19:39:17.491951,23,542,307,6,5,19.0,16.82842707633972,0.843094807828266,1.2,0.6333333333333333,1.0,195.1,Plastic
2026-02-20T19:39:17.492114,23,172,212,4,4,8.5,11.41421353816986,0.8198545354117053,1.0,0.53125,1.0,186.0,Plastic
2026-02-20T19:39:17.492225,23,190,194,4,4,9.0,12.0,0.7853981633974483,1.0,0.5625,1.0,182.25,Plastic
2026-02-20T19:39:17.492356,23,629,180,4,4,8.0,10.828427076339722,0.8573716100878628,1.0,0.5,1.0,181.75,Plastic
2026-02-20T19:39:17.492486,23,188,176,9,14,82.5,36.72792184352875,0.7685481852196447,0.6428571428571429,0.6547619047619048,0.9593023255813954,184.15873015873015,Plastic
2026-02-20T19:39:17.492622,23,72,141,6,15,48.0,34.485281229019165,0.5072050364263374,0.4,0.5333333333333333,0.8888888888888888,199.2888888888889,Plastic
2026-02-20T19:39:17.492782,23,508,116,21,13,108.5,74.38477599620819,0.24641746369766301,1.6153846153846154,0.3974358974358974,0.5549872122762148,183.67765567765568,Other
2026-02-20T19:39:17.492919,23,71,103,5,26,69.0,55.65685415267944,0.2799120815895934,0.19230769230769232,0.5307692307692308,0.8263473053892215,198.48461538461538,Other
2026-02-20T19:39:17.493072,23,99,79,23,54,413.0,210.76955199241638,0.11682725455545533,0.42592592592592593,0.3325281803542673,0.4949071300179748,181.51368760064412,Other
2026-02-20T19:39:17.493206,23,129,71,5,6,17.0,15.656854152679443,0.8714646463829057,0.8333333333333334,0.5666666666666667,0.9714285714285714,194.73333333333332,Plastic
2026-02-20T19:39:17.493342,23,84,63,6,21,66.0,46.485281229019165,0.3838158224236688,0.2857142857142857,0.5238095238095238,0.8516129032258064,200.57142857142858,Other
2026-02-20T19:39:17.493631,23,183,59,13,13,73.0,42.14213538169861,0.5165348738815149,1.0,0.4319526627218935,0.8156424581005587,187.37278106508876,Plastic
2026-02-20T19:39:17.493845,23,164,54,10,10,47.5,35.071067690849304,0.48529464429568997,1.0,0.475,0.753968253968254,183.7,Plastic
2026-02-20T19:39:17.494025,23,274,34,31,8,108.5,68.72792184352875,0.28865107410483953,3.875,0.4375,0.821969696969697,180.94354838709677,Other
2026-02-20T19:39:17.494180,23,216,30,4,3,6.0,10.0,0.7539822368615503,1.3333333333333333,0.5,1.0,189.91666666666666,Plastic
2026-02-20T19:39:17.494341,23,638,7,2,6,5.0,12.0,0.4363323129985824,0.3333333333333333,0.4166666666666667,1.0,182.08333333333334,Other
2026-02-20T19:39:17.494558,23,0,5,4,4,8.5,11.41421353816986,0.8198545354117053,1.0,0.53125,1.0,209.9375,Plastic
2026-02-20T19:39:17.494725,23,504,0,8,7,29.0,23.656854152679443,0.6511692399849373,1.1428571428571428,0.5178571428571429,0.8529411764705882,193.57142857142858,Plastic
2026-02-20T19:39:17.494962,23,456,0,45,17,236.5,125.35533833503723,0.1891277876301784,2.6470588235294117,0.30915032679738563,0.5141304347826087,177.00130718954247,Other
2026-02-20T19:39:17.520186,24,370,405,6,3,10.0,14.0,0.641141357875468,2.0,0.5555555555555556,1.0,195.72222222222223,Plastic
2026-02-20T19:39:17.520363,24,392,355,7,13,55.5,33.071067690849304,0.6376853132182947,0.5384615384615384,0.6098901098901099,0.9173553719008265,182.7912087912088,Plastic
2026-02-20T19:39:17.520519,24,580,349,6,7,21.0,19.656854152679443,0.6829692147642518,0.8571428571428571,0.5,0.875,191.35714285714286,Plastic
2026-02-20T19:39:17.520661,24,513,346,6,15,44.0,35.31370830535889,0.44337978632086184,0.4,0.4888888888888889,0.7857142857142857,188.51111111111112,Other
2026-02-20T19:39:17.520800,24,479,342,4,6,14.0,14.828427076339722,0.8001063703614795,0.6666666666666666,0.5833333333333334,1.0,202.16666666666666,Plastic
2026-02-20T19:39:17.520959,24,578,330,54,18,433.0,126.08326029777527,0.34228108466377655,3.0,0.4454732510288066,0.8139097744360902,177.9351851851852,Other
2026-02-20T19:39:17.521223,24,398,330,13,14,103.5,44.72792184352875,0.6501188718613798,0.9285714285714286,0.5686813186813187,0.8808510638297873,181.65934065934067,Plastic
2026-02-20T19:39:17.521352,24,519,325,3,7,12.0,16.0,0.5890486225480862,0.42857142857142855,0.5714285714285714,1.0,198.95238095238096,Plastic
2026-02-20T19:39:17.521493,24,419,319,15,12,82.0,42.97056245803833,0.558060957200565,1.25,0.45555555555555555,0.841025641025641,180.90555555555557,Plastic
2026-02-20T19:39:17.521660,24,504,318,14,26,109.5,71.21320307254791,0.2713332037976711,0.5384615384615384,0.3008241758241758,0.6203966005665722,172.82692307692307,Other
2026-02-20T19:39:17.521806,24,229,316,7,10,33.5,25.899494647979736,0.6275843291587875,0.7,0.4785714285714286,0.8375,196.62857142857143,Plastic
2026-02-20T19:39:17.521956,24,484,310,9,25,82.0,63.79898953437805,0.25316059971048216,0.36,0.36444444444444446,0.6356589147286822,180.8088888888889,Other
2026-02-20T19:39:17.522091,24,542,307,6,5,18.0,16.82842707633972,0.7987213968899363,1.2,0.6,0.972972972972973,195.36666666666667,Plastic
2026-02-20T19:39:17.522227,24,171,212,5,4,11.5,13.41421353816986,0.8031141418478369,1.25,0.575,1.0,184.95,Plastic
2026-02-20T19:39:17.522362,24,72,142,6,12,40.0,28.485281229019165,0.619482200451304,0.5,0.5555555555555556,0.898876404494382,205.11111111111111,Plastic
2026-02-20T19:39:17.522495,24,498,119,6,5,17.0,16.82842707633972,0.7543479859516065,1.2,0.5666666666666667,0.9444444444444444,185.36666666666667,Plastic
2026-02-20T19:39:17.522633,24,517,116,12,13,78.0,45.31370830535889,0.4773591564148661,0.9230769230769231,0.5,0.7393364928909952,189.80128205128204,Plastic
2026-02-20T19:39:17.522769,24,71,104,4,25,62.0,52.82842707633972,0.27916835873105617,0.16,0.62,0.9323308270676691,209.76,Other
2026-02-20T19:39:17.522905,24,99,82,8,29,117.5,66.72792184352875,0.3316137513843874,0.27586206896551724,0.5064655172413793,0.8131487889273357,196.80603448275863,Other
2026-02-20T19:39:17.523059,24,104,79,13,54,252.5,135.69848430156708,0.1723142733263253,0.24074074074074073,0.3596866096866097,0.586527293844367,182.47435897435898,Other
2026-02-20T19:39:17.523195,24,129,72,5,5,14.5,14.242640614509583,0.8982491906543908,1.0,0.58,1.0,196.44,Plastic
2026-02-20T19:39:17.523323,24,84,63,5,21,62.0,45.65685415267944,0.37375721467298323,0.23809523809523808,0.5904761904761905,0.9051094890510949,208.53333333333333,Other
2026-02-20T19:39:17.523457,24,188,60,8,13,59.5,32.72792184352875,0.6980555285377728,0.6153846153846154,0.5721153846153846,0.967479674796748,194.23076923076923,Plastic
2026-02-20T19:39:17.523762,24,164,55,11,10,53.5,35.071067690849304,0.5465950204172507,1.1,0.4863636363636364,0.8045112781954887,182.44545454545454,Plastic
2026-02-20T19:39:17.524024,24,272,35,32,7,101.0,69.31370830535889,0.2641757621749407,4.571428571428571,0.45089285714285715,0.7984189723320159,181.40625,Other
2026-02-20T19:39:17.524194,24,222,30,4,3,6.0,10.0,0.7539822368615503,1.3333333333333333,0.5,1.0,191.91666666666666,Plastic
2026-02-20T19:39:17.524377,24,507,0,5,7,22.0,18.82842707633972,0.7798381254407765,0.7142857142857143,0.6285714285714286,0.9777777777777777,198.94285714285715,Plastic
2026-02-20T19:39:17.524564,24,456,0,45,17,230.5,127.01219236850739,0.1795518849637796,2.6470588235294117,0.30130718954248364,0.4946351931330472,176.840522875817,Other
2026-02-20T19:39:17.552264,25,414,475,4,5,10.0,12.828427076339722,0.7635949446159828,0.8,0.5,0.9523809523809523,198.3,Plastic
2026-02-20T19:39:17.552431,25,370,405,7,3,12.0,16.0,0.5890486225480862,2.3333333333333335,0.5714285714285714,1.0,197.57142857142858,Plastic
2026-02-20T19:39:17.552560,25,513,356,4,4,9.0,12.0,0.7853981633974483,1.0,0.5625,1.0,211.75,Plastic
2026-02-20T19:39:17.552699,25,393,355,4,8,15.0,18.82842707633972,0.5317078128005295,0.5,0.46875,0.8571428571428571,182.3125,Plastic
2026-02-20T19:39:17.552852,25,580,351,6,5,15.5,16.242640614509583,0.7382922197978818,1.2,0.5166666666666667,0.9393939393939394,191.33333333333334,Plastic
2026-02-20T19:39:17.552992,25,538,349,10,14,95.5,39.899494767189026,0.7538387236453628,0.7142857142857143,0.6821428571428572,0.9362745098039216,195.71428571428572,Plastic
2026-02-20T19:39:17.553133,25,514,346,5,7,21.0,17.656854152679443,0.8464523193398272,0.7142857142857143,0.6,1.0,197.37142857142857,Plastic
2026-02-20T19:39:17.553268,25,479,343,4,5,11.5,13.41421353816986,0.8031141418478369,0.8,0.575,1.0,203.2,Plastic
2026-02-20T19:39:17.553426,25,579,331,51,17,382.0,121.94112467765808,0.32282921823344807,3.0,0.4405997693194925,0.7670682730923695,178.54671280276816,Other
2026-02-20T19:39:17.553612,25,401,331,10,10,62.0,31.313708305358887,0.7945707069961786,1.0,0.62,0.9323308270676691,182.15,Plastic
2026-02-20T19:39:17.553759,25,257,330,5,3,8.0,12.0,0.6981317007977318,1.6666666666666667,0.5333333333333333,1.0,203.53333333333333,Plastic
2026-02-20T19:39:17.553927,25,504,328,9,16,69.0,44.485281229019165,0.4381534885312864,0.5625,0.4791666666666667,0.7582417582417582,182.67361111111111,Other
2026-02-20T19:39:17.554046,25,519,325,3,7,12.0,16.0,0.5890486225480862,0.42857142857142855,0.5714285714285714,1.0,197.95238095238096,Plastic
2026-02-20T19:39:17.554179,25,485,324,5,11,26.0,26.82842707633972,0.4539340801748644,0.45454545454545453,0.4727272727272727,0.8,187.07272727272726,Plastic
2026-02-20T19:39:17.554311,25,511,321,7,4,17.5,17.41421353816986,0.7251705882634689,1.75,0.625,1.0,198.67857142857142,Plastic
2026-02-20T19:39:17.554445,25,420,321,15,11,78.0,39.79898953437805,0.6188143483889067,1.3636363636363635,0.4727272727272727,0.8863636363636364,180.24242424242425,Plastic
2026-02-20T19:39:17.554591,25,542,319,21,43,438.5,144.6690467596054,0.26328627614976147,0.4883720930232558,0.4856035437430786,0.6819595645412131,185.1982281284607,Other
2026-02-20T19:39:17.554726,25,522,318,4,4,8.0,10.828427076339722,0.8573716100878628,1.0,0.5,1.0,201.0625,Plastic
2026-02-20T19:39:17.554875,25,229,316,6,10,31.0,24.485281109809875,0.6497725629217692,0.6,0.5166666666666667,0.8985507246376812,207.56666666666666,Plastic
2026-02-20T19:39:17.555006,25,486,310,8,11,45.0,32.485281229019165,0.5358572563049143,0.7272727272727273,0.5113636363636364,0.7894736842105263,189.9318181818182,Plastic
2026-02-20T19:39:17.555136,25,542,308,6,4,14.5,15.41421353816986,0.7668936186867932,1.5,0.6041666666666666,1.0,195.70833333333334,Plastic
2026-02-20T19:39:17.555269,25,171,212,4,4,8.0,10.828427076339722,0.8573716100878628,1.0,0.5,1.0,184.75,Plastic
2026-02-20T19:39:17.555396,25,153,195,7,4,14.5,17.41421353816986,0.6008556302754458,1.75,0.5178571428571429,0.90625,187.96428571428572,Plastic
2026-02-20T19:39:17.555681,25,188,177,8,12,56.0,31.313708186149597,0.717676773073751,0.6666666666666666,0.5833333333333334,0.9655172413793104,182.94791666666666,Plastic
2026-02-20T19:39:17.555962,25,72,142,5,13,38.0,29.656854152679443,0.5429293227452896,0.38461538461538464,0.5846153846153846,0.926829268292683,211.46153846153845,Plastic
2026-02-20T19:39:17.556178,25,499,119,11,6,25.0,27.656854152679443,0.4107185458978327,1.8333333333333333,0.3787878787878788,0.6944444444444444,182.12121212121212,Other
2026-02-20T19:39:17.556419,25,517,117,12,12,76.5,43.899494767189026,0.4988296447586112,1.0,0.53125,0.7574257425742574,190.73611111111111,Plastic
2026-02-20T19:39:17.556601,25,71,105,4,19,52.0,40.82842707633972,0.39200166326423175,0.21052631578947367,0.6842105263157895,0.9904761904761905,216.8815789473684,Other
2026-02-20T19:39:17.556798,25,99,80,18,52,338.0,189.94112491607666,0.11773038189171352,0.34615384615384615,0.3611111111111111,0.49815770081061167,183.70192307692307,Other
2026-02-20T19:39:17.556969,25,129,72,4,5,12.0,14.0,0.7693696294505615,0.8,0.6,1.0,201.85,Plastic
2026-02-20T19:39:17.557117,25,84,63,5,21,62.0,45.65685415267944,0.37375721467298323,0.23809523809523808,0.5904761904761905,0.9051094890510949,208.9047619047619,Other
2026-02-20T19:39:17.557261,25,188,60,7,12,51.5,29.899494647979736,0.7239180359218038,0.5833333333333334,0.6130952380952381,0.9537037037037037,200.28571428571428,Plastic
2026-02-20T19:39:17.557426,25,164,55,10,10,50.0,33.65685415267944,0.5546676367291224,1.0,0.5,0.8,182.37,Plastic
2026-02-20T19:39:17.557569,25,468,44,9,4,20.0,20.82842707633972,0.5793311911597179,2.25,0.5555555555555556,0.9302325581395349,189.55555555555554,Plastic
2026-02-20T19:39:17.557854,25,271,36,33,6,109.5,71.0710676908493,0.2724195702744853,5.5,0.553030303030303,0.8656126482213439,182.35858585858585,Other
2026-02-20T19:39:17.558008,25,507,0,5,7,19.0,18.82842707633972,0.6734965628806706,0.7142857142857143,0.5428571428571428,0.9047619047619048,196.0857142857143,Plastic
2026-02-20T19:39:17.558152,25,478,0,23,18,132.0,72.62741661071777,0.31447244873590646,1.2777777777777777,0.3188405797101449,0.6139534883720931,178.18599033816426,Other
2026-02-20T19:39:17.558319,25,456,0,19,10,88.5,48.72792184352875,0.46837893514059176,1.9,0.46578947368421053,0.7729257641921398,184.83684210526314,Plastic
2026-02-20T19:39:17.585964,26,370,405,7,3,12.0,16.0,0.5890486225480862,2.3333333333333335,0.5714285714285714,1.0,198.71428571428572,Plastic
2026-02-20T19:39:17.586144,26,395,360,4,4,8.5,11.41421353816986,0.8198545354117053,1.0,0.53125,1.0,182.0,Plastic
2026-02-20T19:39:17.586275,26,513,356,4,5,12.0,14.0,0.7693696294505615,0.8,0.6,1.0,205.8,Plastic
2026-02-20T19:39:17.586412,26,580,352,5,5,14.0,14.828427076339722,0.8001063703614795,1.0,0.56,0.9655172413793104,198.12,Plastic
2026-02-20T19:39:17.586548,26,514,347,5,6,17.5,16.242640614509583,0.8335557320298667,0.8333333333333334,0.5833333333333334,1.0,200.16666666666666,Plastic
2026-02-20T19:39:17.586685,26,479,343,4,5,11.0,12.828427076339722,0.8399544390775809,0.8,0.55,1.0,200.4,Plastic
2026-02-20T19:39:17.586839,26,584,331,49,16,358.0,115.94112491607666,0.33467083794373087,3.0625,0.45663265306122447,0.7973273942093542,179.05357142857142,Other
2026-02-20T19:39:17.586975,26,578,331,5,3,8.0,12.0,0.6981317007977318,1.6666666666666667,0.5333333333333333,1.0,184.86666666666667,Plastic
2026-02-20T19:39:17.587084,26,485,331,4,4,9.0,12.0,0.7853981633974483,1.0,0.5625,1.0,193.5,Plastic
2026-02-20T19:39:17.587211,26,403,331,8,11,51.5,31.071067690849304,0.6703548237596619,0.7272727272727273,0.5852272727272727,0.8879310344827587,181.875,Plastic
2026-02-20T19:39:17.587363,26,504,328,9,17,72.0,45.31370830535889,0.4406392213060302,0.5294117647058824,0.47058823529411764,0.7619047619047619,181.2156862745098,Other
2026-02-20T19:39:17.587535,26,518,326,4,6,12.5,15.41421353816986,0.6611151885230976,0.6666666666666666,0.5208333333333334,0.9259259259259259,198.66666666666666,Plastic
2026-02-20T19:39:17.587670,26,421,322,14,10,60.0,36.97056233882904,0.5516314284317582,1.4,0.42857142857142855,0.8823529411764706,179.85714285714286,Plastic
2026-02-20T19:39:17.587803,26,511,321,6,4,15.0,16.0,0.7363107781851077,1.5,0.625,1.0,199.70833333333334,Plastic
2026-02-20T19:39:17.588027,26,522,318,4,4,8.0,10.828427076339722,0.8573716100878628,1.0,0.5,1.0,198.4375,Plastic
2026-02-20T19:39:17.588249,26,229,317,7,9,31.5,23.899494647979736,0.6930155538923695,0.7777777777777778,0.5,0.8873239436619719,201.04761904761904,Plastic
2026-02-20T19:39:17.588405,26,485,310,8,11,48.0,30.485281229019165,0.6490388445910324,0.7272727272727273,0.5454545454545454,0.8495575221238938,190.02272727272728,Plastic
2026-02-20T19:39:17.588543,26,542,308,6,4,14.5,15.41421353816986,0.7668936186867932,1.5,0.6041666666666666,1.0,193.79166666666666,Plastic
2026-02-20T19:39:17.588667,26,172,212,3,4,6.0,10.0,0.7539822368615503,0.75,0.5,1.0,184.25,Plastic
2026-02-20T19:39:17.588799,26,499,187,10,4,22.0,22.82842707633972,0.5304941111487503,2.5,0.55,0.9166666666666666,184.325,Plastic
2026-02-20T19:39:17.588935,26,188,177,8,13,61.0,33.31370830535889,0.6907068157451752,0.6153846153846154,0.5865384615384616,0.9384615384615385,182.93269230769232,Plastic
2026-02-20T19:39:17.589093,26,72,142,5,13,38.0,29.656854152679443,0.5429293227452896,0.38461538461538464,0.5846153846153846,0.926829268292683,210.83076923076922,Plastic
2026-02-20T19:39:17.589248,26,499,119,5,4,11.5,13.41421353816986,0.8031141418478369,1.25,0.575,1.0,187.4,Plastic
2026-02-20T19:39:17.589541,26,516,117,13,12,71.0,45.31370830535889,0.4345192321212243,1.0833333333333333,0.4551282051282051,0.6926829268292682,189.3397435897436,Other
2026-02-20T19:39:17.589773,26,71,105,4,19,53.0,40.82842707633972,0.3995401567885439,0.21052631578947367,0.6973684210526315,1.0,217.8684210526316,Other
2026-02-20T19:39:17.589978,26,99,80,18,52,351.0,193.5979790687561,0.11768343641644022,0.34615384615384615,0.375,0.5207715133531158,183.57905982905982,Other
2026-02-20T19:39:17.590135,26,129,72,4,5,12.0,14.0,0.7693696294505615,0.8,0.6,1.0,201.8,Plastic
2026-02-20T19:39:17.590277,26,84,63,5,21,63.0,45.65685415267944,0.37978555684512816,0.23809523809523808,0.6,0.9130434782608695,208.4857142857143,Other
2026-02-20T19:39:17.590434,26,188,60,7,12,53.0,30.485281229019165,0.7166470575692651,0.5833333333333334,0.6309523809523809,0.9636363636363636,200.3095238095238,Plastic
2026-02-20T19:39:17.590576,26,164,55,11,10,56.0,35.31370830535889,0.5643015462265515,1.1,0.509090909090909,0.8115942028985508,182.64545454545456,Plastic
2026-02-20T19:39:17.590716,26,271,35,33,7,95.0,72.48528122901917,0.2272133332294663,4.714285714285714,0.41125541125541126,0.753968253968254,180.5887445887446,Other
2026-02-20T19:39:17.590854,26,0,6,4,4,7.5,11.41421353816986,0.7234010606573869,1.0,0.46875,0.9375,210.8125,Plastic
2026-02-20T19:39:17.590991,26,507,0,4,7,16.5,17.41421353816986,0.683732268934128,0.5714285714285714,0.5892857142857143,0.9705882352941176,204.92857142857142,Plastic
2026-02-20T19:39:17.591156,26,456,0,44,18,239.0,126.76955199241638,0.1868864669807096,2.4444444444444446,0.30176767676767674,0.4872579001019368,175.16287878787878,Other
2026-02-20T19:39:17.617315,27,371,405,5,3,8.0,12.0,0.6981317007977318,1.6666666666666667,0.5333333333333333,1.0,193.33333333333334,Plastic
2026-02-20T19:39:17.617496,27,513,356,4,5,12.0,14.0,0.7693696294505615,0.8,0.6,1.0,204.25,Plastic
2026-02-20T19:39:17.617698,27,538,349,10,14,96.5,39.899494767189026,0.7617323228458377,0.7142857142857143,0.6892857142857143,0.9414634146341463,194.57142857142858,Plastic
2026-02-20T19:39:17.617862,27,580,348,5,9,22.5,22.242640614509583,0.5715045502581996,0.5555555555555556,0.5,0.8653846153846154,190.3111111111111,Plastic
2026-02-20T19:39:17.618042,27,514,347,5,6,17.0,15.656854152679443,0.8714646463829057,0.8333333333333334,0.5666666666666667,1.0,198.96666666666667,Plastic
2026-02-20T19:39:17.618165,27,479,343,3,4,6.0,10.0,0.7539822368615503,0.75,0.5,1.0,202.5,Plastic
2026-02-20T19:39:17.618308,27,584,332,45,15,271.0,112.76955199241638,0.2677906717810239,3.0,0.4014814814814815,0.7197875166002656,179.39111111111112,Other
2026-02-20T19:39:17.618446,27,405,332,6,8,28.5,21.071067571640015,0.8066435108051323,0.75,0.59375,0.9827586206896551,181.45833333333334,Plastic
2026-02-20T19:39:17.618564,27,578,331,4,3,6.0,10.0,0.7539822368615503,1.3333333333333333,0.5,1.0,185.0,Plastic
2026-02-20T19:39:17.618734,27,485,331,4,5,11.5,13.41421353816986,0.8031141418478369,0.8,0.575,1.0,191.05,Plastic
2026-02-20T19:39:17.618874,27,504,328,9,16,69.0,44.485281229019165,0.4381534885312864,0.5625,0.4791666666666667,0.7582417582417582,180.78472222222223,Other
2026-02-20T19:39:17.619012,27,518,326,4,6,12.5,15.41421353816986,0.6611151885230976,0.6666666666666666,0.5208333333333334,0.9259259259259259,196.875,Plastic
2026-02-20T19:39:17.619197,27,423,323,10,8,31.5,27.899494767189026,0.5085430699298296,1.25,0.39375,0.8076923076923077,179.9375,Plastic
2026-02-20T19:39:17.619366,27,511,321,6,4,14.5,15.41421353816986,0.7668936186867932,1.5,0.6041666666666666,1.0,197.5,Plastic
2026-02-20T19:39:17.619511,27,542,319,20,43,417.0,144.42640602588654,0.2512191319307496,0.46511627906976744,0.4848837209302326,0.6485225505443235,185.28372093023256,Other
2026-02-20T19:39:17.619680,27,229,317,7,9,30.5,25.071067690849304,0.6097671788318482,0.7777777777777778,0.48412698412698413,0.8243243243243243,199.93650793650792,Plastic
2026-02-20T19:39:17.619816,27,486,311,7,10,42.5,28.242640614509583,0.6695579864895557,0.7,0.6071428571428571,0.9042553191489362,191.5857142857143,Plastic
2026-02-20T19:39:17.619956,27,542,308,5,4,11.5,13.41421353816986,0.8031141418478369,1.25,0.575,1.0,193.7,Plastic
2026-02-20T19:39:17.620112,27,357,298,19,47,460.5,116.18376529216766,0.4286951838886363,0.40425531914893614,0.5156774916013438,0.8245299910474485,183.5946248600224,Other
2026-02-20T19:39:17.620404,27,153,196,7,3,12.0,16.0,0.5890486225480862,2.3333333333333335,0.5714285714285714,1.0,188.28571428571428,Plastic
2026-02-20T19:39:17.620544,27,515,185,19,5,59.5,42.24264061450958,0.4190103136429374,3.8,0.6263157894736842,0.9224806201550387,186.57894736842104,Other
2026-02-20T19:39:17.620684,27,188,178,8,11,47.0,29.313708186149597,0.6873314267851033,0.7272727272727273,0.5340909090909091,0.94,181.92045454545453,Plastic
2026-02-20T19:39:17.621014,27,478,155,6,5,13.0,15.656854152679443,0.6664141413516338,1.2,0.43333333333333335,0.896551724137931,181.96666666666667,Plastic
2026-02-20T19:39:17.621185,27,72,142,5,13,38.0,29.656854152679443,0.5429293227452896,0.38461538461538464,0.5846153846153846,0.926829268292683,210.16923076923078,Plastic
2026-02-20T19:39:17.621365,27,517,117,11,12,61.5,39.899494767189026,0.4854563508292126,0.9166666666666666,0.4659090909090909,0.7365269461077845,190.04545454545453,Plastic
2026-02-20T19:39:17.621534,27,582,113,5,6,15.5,16.242640614509583,0.7382922197978818,0.8333333333333334,0.5166666666666667,0.9117647058823529,184.53333333333333,Plastic
2026-02-20T19:39:17.621699,27,71,105,4,18,49.5,39.41421353816986,0.40041407278049596,0.2222222222222222,0.6875,0.99,217.51388888888889,Other
2026-02-20T19:39:17.621861,27,99,87,7,24,100.0,54.485281229019165,0.4233031207523882,0.2916666666666667,0.5952380952380952,0.8849557522123894,203.4047619047619,Other
2026-02-20T19:39:17.622043,27,200,82,4,6,13.0,14.828427076339722,0.7429559153356595,0.6666666666666666,0.5416666666666666,0.9629629629629629,195.54166666666666,Plastic
2026-02-20T19:39:17.622219,27,104,81,13,51,210.0,130.62741661071777,0.15465375985067562,0.2549019607843137,0.3167420814479638,0.5343511450381679,180.66214177978884,Other
2026-02-20T19:39:17.622340,27,129,73,4,4,9.0,12.0,0.7853981633974483,1.0,0.5625,1.0,203.5,Plastic
2026-02-20T19:39:17.622475,27,84,64,5,20,59.5,44.24264061450958,0.38198362868829405,0.25,0.595,0.9015151515151515,207.5,Other
2026-02-20T19:39:17.622638,27,188,60,7,12,45.5,29.899494767189026,0.639578065471695,0.5833333333333334,0.5416666666666666,0.900990099009901,198.6904761904762,Plastic
2026-02-20T19:39:17.622780,27,164,55,10,10,47.0,34.485281229019165,0.4966382648341221,1.0,0.47,0.752,181.74,Plastic
2026-02-20T19:39:17.622916,27,284,36,20,5,56.5,44.24264061450958,0.36272394993090107,4.0,0.565,0.8625954198473282,183.73,Other
2026-02-20T19:39:17.623105,27,0,6,3,4,5.5,9.41421353816986,0.7798381254407765,0.75,0.4583333333333333,1.0,219.5,Plastic
2026-02-20T19:39:17.623245,27,507,0,4,8,19.0,18.82842707633972,0.6734965628806706,0.5,0.59375,0.9743589743589743,203.03125,Plastic
2026-02-20T19:39:17.623391,27,456,0,44,18,236.5,128.18376553058624,0.18087350667497948,2.4444444444444446,0.2986111111111111,0.48020304568527916,174.0429292929293,Other
2026-02-20T19:39:17.648288,28,513,356,4,5,12.0,14.0,0.7693696294505615,0.8,0.6,1.0,204.0,Plastic
2026-02-20T19:39:17.648605,28,580,352,5,5,13.0,14.828427076339722,0.7429559153356595,1.0,0.52,0.9285714285714286,195.0,Plastic
2026-02-20T19:39:17.648859,28,538,349,10,14,94.0,39.31370830535889,0.7642750736647579,0.7142857142857143,0.6714285714285714,0.9353233830845771,193.52857142857144,Plastic
2026-02-20T19:39:17.649109,28,514,347,4,6,14.0,14.828427076339722,0.8001063703614795,0.6666666666666666,0.5833333333333334,1.0,204.0,Plastic
2026-02-20T19:39:17.649397,28,587,332,40,14,218.5,102.5269113779068,0.2612074481697588,2.857142857142857,0.39017857142857143,0.7094155844155844,179.53392857142856,Other
2026-02-20T19:39:17.649648,28,504,331,9,14,57.5,39.899494767189026,0.45388195402731263,0.6428571428571429,0.45634920634920634,0.756578947368421,182.4126984126984,Plastic
2026-02-20T19:39:17.649929,28,485,331,4,4,8.5,11.41421353816986,0.8198545354117053,1.0,0.53125,1.0,190.9375,Plastic
2026-02-20T19:39:17.650122,28,518,326,4,6,12.5,15.41421353816986,0.6611151885230976,0.6666666666666666,0.5208333333333334,0.9259259259259259,196.16666666666666,Plastic
2026-02-20T19:39:17.650269,28,512,321,5,4,11.5,13.41421353816986,0.8031141418478369,1.25,0.575,1.0,198.05,Plastic
2026-02-20T19:39:17.650437,28,542,320,20,42,376.5,125.01219260692596,0.3027402043662618,0.47619047619047616,0.44821428571428573,0.6424914675767918,185.00357142857143,Other
2026-02-20T19:39:17.650649,28,229,317,6,9,28.0,22.485281109809875,0.6959391244437427,0.6666666666666666,0.5185185185185185,0.9180327868852459,209.16666666666666,Plastic
2026-02-20T19:39:17.650790,28,485,311,8,10,44.0,29.656854152679443,0.6286550052840195,0.8,0.55,0.8461538461538461,189.2375,Plastic
2026-02-20T19:39:17.650929,28,542,308,5,4,11.5,13.41421353816986,0.8031141418478369,1.25,0.575,1.0,194.25,Plastic
2026-02-20T19:39:17.651072,28,360,297,19,47,462.0,114.76955187320709,0.4407562382049903,0.40425531914893614,0.5173572228443449,0.81195079086116,182.46136618141097,Other
2026-02-20T19:39:17.651214,28,519,185,15,5,35.5,34.24264061450958,0.3804553726420331,3.0,0.47333333333333333,0.7888888888888889,186.36,Other
2026-02-20T19:39:17.651353,28,188,178,8,11,47.5,28.727921724319458,0.7232610142631103,0.7272727272727273,0.5397727272727273,0.9595959595959596,181.51136363636363,Plastic
2026-02-20T19:39:17.651535,28,187,158,4,5,11.5,13.41421353816986,0.8031141418478369,0.8,0.575,1.0,182.4,Plastic
2026-02-20T19:39:17.651816,28,478,155,4,4,8.5,11.41421353816986,0.8198545354117053,1.0,0.53125,1.0,182.625,Plastic
2026-02-20T19:39:17.652045,28,193,145,6,14,36.5,33.071067690849304,0.41937862941383336,0.42857142857142855,0.43452380952380953,0.7525773195876289,183.0952380952381,Other
2026-02-20T19:39:17.652211,28,72,142,5,13,37.0,29.656854152679443,0.5286417089888347,0.38461538461538464,0.5692307692307692,0.925,209.6769230769231,Plastic
2026-02-20T19:39:17.652358,28,193,132,4,9,18.5,21.41421353816986,0.5069642492839125,0.4444444444444444,0.5138888888888888,0.8809523809523809,184.75,Plastic
2026-02-20T19:39:17.652503,28,499,120,4,3,6.0,10.0,0.7539822368615503,1.3333333333333333,0.5,1.0,185.0,Plastic
2026-02-20T19:39:17.652674,28,517,118,11,10,55.0,36.485281229019165,0.5192029569944707,1.1,0.5,0.7801418439716312,191.9909090909091,Plastic
2026-02-20T19:39:17.652816,28,582,113,5,6,17.0,16.82842707633972,0.7543479859516065,0.8333333333333334,0.5666666666666667,0.9444444444444444,184.23333333333332,Plastic
2026-02-20T19:39:17.652955,28,71,105,4,18,49.5,39.41421353816986,0.40041407278049596,0.2222222222222222,0.6875,0.99,216.5,Other
2026-02-20T19:39:17.653091,28,99,88,7,23,96.0,52.485281229019165,0.4379313539377682,0.30434782608695654,0.5962732919254659,0.897196261682243,204.31055900621118,Other
2026-02-20T19:39:17.653228,28,200,82,4,5,11.0,12.828427076339722,0.8399544390775809,0.8,0.55,1.0,197.35,Plastic
2026-02-20T19:39:17.653365,28,104,81,13,51,196.5,129.21320295333862,0.14789675144270936,0.2549019607843137,0.29638009049773756,0.5012755102040817,179.99547511312218,Other
2026-02-20T19:39:17.653537,28,129,72,4,5,11.5,13.41421353816986,0.8031141418478369,0.8,0.575,1.0,200.6,Plastic
2026-02-20T19:39:17.653683,28,84,64,5,20,57.5,44.24264061450958,0.3691438428500321,0.25,0.575,0.8914728682170543,206.28,Other
2026-02-20T19:39:17.653849,28,188,60,7,12,46.0,30.485281229019165,0.6219955593997394,0.5833333333333334,0.5476190476190477,0.8932038834951457,198.71428571428572,Plastic
2026-02-20T19:39:17.654013,28,164,56,10,8,36.0,29.656854152679443,0.5143540952323796,1.25,0.45,0.7659574468085106,182.025,Plastic
2026-02-20T19:39:17.654146,28,284,36,19,5,44.0,42.485281229019165,0.3063271890637449,3.8,0.4631578947368421,0.7787610619469026,182.47368421052633,Other
2026-02-20T19:39:17.654280,28,0,6,4,4,7.5,11.41421353816986,0.7234010606573869,1.0,0.46875,0.9375,213.0,Plastic
2026-02-20T19:39:17.654413,28,507,0,4,8,18.0,18.82842707633972,0.6380493753606353,0.5,0.5625,0.9473684210526315,201.90625,Plastic
2026-02-20T19:39:17.654573,28,478,0,22,18,121.5,67.21320307254791,0.3379690704268867,1.2222222222222223,0.3068181818181818,0.6394736842105263,176.91666666666666,Other
2026-02-20T19:39:17.654719,28,456,0,23,10,95.0,56.14213526248932,0.3787525948652472,2.3,0.41304347826086957,0.7196969696969697,180.0391304347826,Other
2026-02-20T19:39:17.698776,29,376,401,12,4,23.0,26.82842707633972,0.40155707092391846,3.0,0.4791666666666667,0.8363636363636363,190.6875,Other
2026-02-20T19:39:17.699153,29,513,356,4,4,9.0,12.0,0.7853981633974483,1.0,0.5625,1.0,204.1875,Plastic
2026-02-20T19:39:17.699399,29,538,350,10,13,80.5,40.72792184352875,0.6098474934379643,0.7692307692307693,0.6192307692307693,0.8518518518518519,194.47692307692307,Plastic
2026-02-20T19:39:17.699656,29,581,349,4,8,17.0,18.82842707633972,0.6026021878406002,0.5,0.53125,0.918918918918919,192.71875,Plastic
2026-02-20T19:39:17.699892,29,514,347,4,6,14.0,14.828427076339722,0.8001063703614795,0.6666666666666666,0.5833333333333334,1.0,203.83333333333334,Plastic
2026-02-20T19:39:17.700110,29,479,343,4,5,11.0,12.828427076339722,0.8399544390775809,0.8,0.55,1.0,201.75,Plastic
2026-02-20T19:39:17.700306,29,613,340,14,6,38.5,35.899494767189026,0.3753996992961081,2.3333333333333335,0.4583333333333333,0.7264150943396226,181.4047619047619,Other
2026-02-20T19:39:17.700462,29,586,333,17,9,72.0,45.31370830535889,0.4406392213060302,1.8888888888888888,0.47058823529411764,0.7384615384615385,181.94117647058823,Other
2026-02-20T19:39:17.700605,29,504,332,9,13,54.0,38.485281229019165,0.45815696676958967,0.6923076923076923,0.46153846153846156,0.75,183.5982905982906,Plastic
2026-02-20T19:39:17.700725,29,485,332,4,3,6.0,10.0,0.7539822368615503,1.3333333333333333,0.5,1.0,199.08333333333334,Plastic
2026-02-20T19:39:17.700857,29,578,331,4,4,8.5,11.41421353816986,0.8198545354117053,1.0,0.53125,1.0,186.6875,Plastic
2026-02-20T19:39:17.700991,29,258,330,4,3,6.0,10.0,0.7539822368615503,1.3333333333333333,0.5,1.0,211.33333333333334,Plastic
2026-02-20T19:39:17.701121,29,518,326,4,6,12.5,15.41421353816986,0.6611151885230976,0.6666666666666666,0.5208333333333334,0.9259259259259259,199.04166666666666,Plastic
2026-02-20T19:39:17.701252,29,512,321,5,4,11.5,13.41421353816986,0.8031141418478369,1.25,0.575,1.0,198.55,Plastic
2026-02-20T19:39:17.701421,29,542,320,20,42,389.0,133.5979790687561,0.27387960199855144,0.47619047619047616,0.4630952380952381,0.6445733222866611,184.52380952380952,Other
2026-02-20T19:39:17.701562,29,522,318,4,4,8.0,10.828427076339722,0.8573716100878628,1.0,0.5,1.0,199.5,Plastic
2026-02-20T19:39:17.701714,29,229,316,7,10,33.5,25.899494647979736,0.6275843291587875,0.7,0.4785714285714286,0.8375,190.6,Plastic
2026-02-20T19:39:17.701853,29,485,311,8,10,39.0,29.656854152679443,0.5572169365017445,0.8,0.4875,0.7878787878787878,189.375,Plastic
2026-02-20T19:39:17.701983,29,542,308,6,4,13.5,15.41421353816986,0.7140044036049453,1.5,0.5625,0.9642857142857143,196.75,Plastic
2026-02-20T19:39:17.702123,29,365,295,19,46,433.5,116.52691125869751,0.4011866713813233,0.41304347826086957,0.4959954233409611,0.7853260869565217,181.8146453089245,Other
2026-02-20T19:39:17.702258,29,154,196,5,3,8.0,12.0,0.6981317007977318,1.6666666666666667,0.5333333333333333,1.0,192.0,Plastic
2026-02-20T19:39:17.702400,29,513,187,3,4,6.0,10.0,0.7539822368615503,0.75,0.5,1.0,181.75,Plastic
2026-02-20T19:39:17.702535,29,520,185,10,5,26.0,23.656854152679443,0.5838069048140817,2.0,0.52,0.8666666666666667,187.38,Plastic
2026-02-20T19:39:17.702666,29,188,179,7,10,37.5,28.242640614509583,0.590786458667255,0.7,0.5357142857142857,0.8620689655172413,180.57142857142858,Plastic
2026-02-20T19:39:17.702786,29,134,173,3,4,6.0,10.0,0.7539822368615503,0.75,0.5,1.0,194.58333333333334,Plastic
2026-02-20T19:39:17.702917,29,72,142,6,12,36.5,29.071067690849304,0.5427261702409922,0.5,0.5069444444444444,0.8588235294117647,199.73611111111111,Plastic
2026-02-20T19:39:17.703049,29,193,133,4,6,12.0,14.828427076339722,0.6858054603098395,0.6666666666666666,0.5,0.9230769230769231,185.375,Plastic
2026-02-20T19:39:17.703179,29,518,118,9,8,45.0,27.656854152679443,0.7392933826160988,1.125,0.625,0.9183673469387755,198.23611111111111,Plastic
2026-02-20T19:39:17.703309,29,583,114,3,4,6.0,10.0,0.7539822368615503,0.75,0.5,1.0,185.41666666666666,Plastic
2026-02-20T19:39:17.703452,29,72,103,3,27,52.0,56.0,0.2083709413095271,0.1111111111111111,0.6419753086419753,1.0,223.37037037037038,Other
2026-02-20T19:39:17.703588,29,99,88,7,22,82.0,50.485281229019165,0.4042910774381158,0.3181818181818182,0.5324675324675324,0.845360824742268,201.2077922077922,Other
2026-02-20T19:39:17.703747,29,200,82,4,5,11.0,12.828427076339722,0.8399544390775809,0.8,0.55,1.0,195.95,Plastic
2026-02-20T19:39:17.703886,29,110,80,7,50,157.0,108.48528122901917,0.1676362272098879,0.14,0.44857142857142857,0.7072072072072072,185.26,Other
2026-02-20T19:39:17.704018,29,130,72,3,5,8.0,12.0,0.6981317007977318,0.6,0.5333333333333333,1.0,207.2,Plastic
2026-02-20T19:39:17.704148,29,84,63,5,21,58.0,45.65685415267944,0.3496438459844037,0.23809523809523808,0.5523809523809524,0.8854961832061069,201.3904761904762,Other
2026-02-20T19:39:17.704289,29,189,60,7,12,48.0,30.485281109809875,0.6490388496670204,0.5833333333333334,0.5714285714285714,0.9411764705882353,200.33333333333334,Plastic
2026-02-20T19:39:17.704457,29,165,55,3,9,16.0,20.0,0.5026548245743669,0.3333333333333333,0.5925925925925926,1.0,190.7037037037037,Plastic
2026-02-20T19:39:17.704592,29,468,44,5,4,11.0,12.828427076339722,0.8399544390775809,1.25,0.55,1.0,191.2,Plastic
2026-02-20T19:39:17.704724,29,288,38,5,3,8.0,12.0,0.6981317007977318,1.6666666666666667,0.5333333333333333,1.0,186.86666666666667,Plastic
2026-02-20T19:39:17.704970,29,296,37,6,3,10.0,14.0,0.641141357875468,2.0,0.5555555555555556,1.0,184.5,Plastic
2026-02-20T19:39:17.705157,29,173,5,4,3,6.0,10.0,0.7539822368615503,1.3333333333333333,0.5,1.0,184.75,Plastic
2026-02-20T19:39:17.705316,29,507,0,5,8,20.0,19.656854152679443,0.6504468712040492,0.625,0.5,0.8695652173913043,194.95,Plastic
2026-02-20T19:39:17.705517,29,480,0,20,18,115.5,65.55634891986847,0.337724317033584,1.1111111111111112,0.32083333333333336,0.6143617021276596,177.2722222222222,Other
2026-02-20T19:39:17.705704,29,457,0,16,11,73.5,44.72792184352875,0.46167861914793645,1.4545454545454546,0.41761363636363635,0.7170731707317073,180.91477272727272,Plastic
2026-02-20T19:39:17.727566,30,384,400,7,3,12.0,16.0,0.5890486225480862,2.3333333333333335,0.5714285714285714,1.0,196.0,Plastic
2026-02-20T19:39:17.727795,30,513,356,4,4,9.0,12.0,0.7853981633974483,1.0,0.5625,1.0,205.375,Plastic
2026-02-20T19:39:17.728063,30,580,351,6,6,17.0,17.656854152679443,0.6852233061322411,1.0,0.4722222222222222,0.8717948717948718,188.55555555555554,Plastic
2026-02-20T19:39:17.728272,30,538,349,10,14,93.0,39.31370830535889,0.7561444877747072,0.7142857142857143,0.6642857142857143,0.93,194.25714285714287,Plastic
2026-02-20T19:39:17.728457,30,514,347,4,6,14.5,15.41421353816986,0.7668936186867932,0.6666666666666666,0.6041666666666666,1.0,203.75,Plastic
2026-02-20T19:39:17.728652,30,479,343,4,5,10.0,12.828427076339722,0.7635949446159828,0.8,0.5,0.9523809523809523,205.4,Plastic
2026-02-20T19:39:17.728838,30,610,338,17,10,85.5,44.72792184352875,0.5370547202333138,1.7,0.5029411764705882,0.8142857142857143,182.24117647058824,Plastic
2026-02-20T19:39:17.729031,30,584,332,24,10,110.5,58.72792184352875,0.4026084408917387,2.4,0.46041666666666664,0.7809187279151943,181.03333333333333,Other
2026-02-20T19:39:17.729206,30,504,332,9,12,53.5,39.071067690849304,0.4404058583895101,0.75,0.49537037037037035,0.7482517482517482,185.2314814814815,Other
2026-02-20T19:39:17.729386,30,484,331,5,4,11.0,12.828427076339722,0.8399544390775809,1.25,0.55,1.0,192.15,Plastic
2026-02-20T19:39:17.729533,30,519,325,3,7,12.0,16.0,0.5890486225480862,0.42857142857142855,0.5714285714285714,1.0,193.23809523809524,Plastic
2026-02-20T19:39:17.729706,30,512,321,5,4,11.5,13.41421353816986,0.8031141418478369,1.25,0.575,1.0,197.55,Plastic
2026-02-20T19:39:17.729893,30,542,319,20,43,396.5,151.15432786941528,0.21807801364043677,0.46511627906976744,0.461046511627907,0.6239181746656176,184.41860465116278,Other
2026-02-20T19:39:17.730094,30,522,318,4,4,8.0,10.828427076339722,0.8573716100878628,1.0,0.5,1.0,205.375,Plastic
2026-02-20T19:39:17.730338,30,229,316,7,9,30.0,24.485281109809875,0.6288121576662283,0.7777777777777778,0.47619047619047616,0.8450704225352113,195.984126984127,Plastic
2026-02-20T19:39:17.730586,30,486,310,8,11,42.0,32.485281229019165,0.50013343921792,0.7272727272727273,0.4772727272727273,0.7567567567567568,187.04545454545453,Plastic
2026-02-20T19:39:17.730978,30,542,308,6,4,14.0,14.828427076339722,0.8001063703614795,1.5,0.5833333333333334,1.0,198.29166666666666,Plastic
2026-02-20T19:39:17.731182,30,369,293,19,47,454.0,117.59797894954681,0.4125399398495999,0.40425531914893614,0.5083986562150056,0.8078291814946619,181.8701007838746,Other
2026-02-20T19:39:17.731332,30,153,194,7,4,14.5,17.41421353816986,0.6008556302754458,1.75,0.5178571428571429,0.90625,188.25,Plastic
2026-02-20T19:39:17.731473,30,514,185,15,5,33.0,33.65685415267944,0.3660806402412208,3.0,0.44,0.7857142857142857,183.88,Other
2026-02-20T19:39:17.731617,30,188,180,7,8,33.5,23.071067571640015,0.7908958354371932,0.875,0.5982142857142857,0.9571428571428572,182.96428571428572,Plastic
2026-02-20T19:39:17.731856,30,138,164,7,6,21.0,18.485281109809875,0.7722840047848255,1.1666666666666667,0.5,0.9545454545454546,183.9047619047619,Plastic
2026-02-20T19:39:17.732075,30,196,155,3,4,6.0,10.0,0.7539822368615503,0.75,0.5,1.0,189.25,Plastic
2026-02-20T19:39:17.732338,30,460,154,8,6,27.0,21.656854152679443,0.7234072960116342,1.3333333333333333,0.5625,0.9152542372881356,182.91666666666666,Plastic
2026-02-20T19:39:17.732624,30,195,145,4,7,16.0,16.82842707633972,0.7099745750132767,0.5714285714285714,0.5714285714285714,0.9696969696969697,186.64285714285714,Plastic
2026-02-20T19:39:17.732920,30,73,141,5,13,37.0,29.656854152679443,0.5286417089888347,0.38461538461538464,0.5692307692307692,0.9024390243902439,209.47692307692307,Plastic
2026-02-20T19:39:17.733206,30,193,131,4,10,22.0,22.82842707633972,0.5304941111487503,0.4,0.55,0.9166666666666666,185.675,Plastic
2026-02-20T19:39:17.733491,30,518,119,9,6,37.0,24.82842707633972,0.7542462747315842,1.5,0.6851851851851852,0.9866666666666667,201.2037037037037,Plastic
2026-02-20T19:39:17.733775,30,583,112,4,7,15.0,16.82842707633972,0.6656011640749468,0.5714285714285714,0.5357142857142857,0.9375,184.82142857142858,Plastic
2026-02-20T19:39:17.734079,30,104,112,4,8,13.0,18.82842707633972,0.4608134377604589,0.5,0.40625,0.7878787878787878,188.40625,Plastic
2026-02-20T19:39:17.734318,30,72,103,3,22,42.0,46.0,0.24942701597499303,0.13636363636363635,0.6363636363636364,1.0,226.92424242424244,Other
2026-02-20T19:39:17.734598,30,99,87,7,23,84.0,51.31370830535889,0.400887345923391,0.30434782608695654,0.5217391304347826,0.8442211055276382,198.2049689440994,Other
2026-02-20T19:39:17.734882,30,110,82,8,49,145.0,111.79898953437805,0.1457813976528733,0.16326530612244897,0.36989795918367346,0.5776892430278885,183.52551020408163,Other
2026-02-20T19:39:17.735164,30,200,81,4,4,8.5,11.41421353816986,0.8198545354117053,1.0,0.53125,1.0,196.0625,Plastic
2026-02-20T19:39:17.735432,30,130,71,4,5,10.5,13.41421353816986,0.7332781295132426,0.8,0.525,0.9545454545454546,201.2,Plastic
2026-02-20T19:39:17.735701,30,84,63,5,19,51.0,41.65685415267944,0.36932363436432014,0.2631578947368421,0.5368421052631579,0.8793103448275862,202.44210526315788,Other
2026-02-20T19:39:17.735986,30,189,59,7,13,48.5,31.899494647979736,0.5989409354988778,0.5384615384615384,0.532967032967033,0.9238095238095239,198.0989010989011,Plastic
2026-02-20T19:39:17.736261,30,165,54,3,10,18.0,22.0,0.4673443616910436,0.3,0.6,1.0,191.43333333333334,Plastic
2026-02-20T19:39:17.736543,30,468,44,5,4,10.0,12.828427076339722,0.7635949446159828,1.25,0.5,0.9523809523809523,192.3,Plastic
2026-02-20T19:39:17.736838,30,290,36,14,5,37.5,34.24264061450958,0.4018894781429927,2.8,0.5357142857142857,0.8064516129032258,184.57142857142858,Other
2026-02-20T19:39:17.737139,30,457,2,16,8,67.0,39.31370830535889,0.5447492546333912,2.0,0.5234375,0.8322981366459627,191.1328125,Plastic
2026-02-20T19:39:17.737420,30,508,0,4,7,16.0,16.82842707633972,0.7099745750132767,0.5714285714285714,0.5714285714285714,0.9696969696969697,200.53571428571428,Plastic
2026-02-20T19:39:17.737706,30,479,0,22,18,131.0,70.62741649150848,0.33001563752331914,1.2222222222222223,0.33080808080808083,0.6390243902439025,176.22979797979798,Other
2026-02-20T19:39:17.737989,30,165,0,4,3,5.5,9.41421353816986,0.7798381254407765,1.3333333333333333,0.4583333333333333,1.0,183.25,Plastic
2026-02-20T19:39:17.759657,31,513,356,4,4,8.5,11.41421353816986,0.8198545354117053,1.0,0.53125,1.0,204.5625,Plastic
2026-02-20T19:39:17.759907,31,581,352,4,4,9.0,12.0,0.7853981633974483,1.0,0.5625,1.0,198.0,Plastic
2026-02-20T19:39:17.760357,31,539,349,9,14,82.5,38.72792184352875,0.6912186161366598,0.6428571428571429,0.6547619047619048,0.9065934065934066,193.38095238095238,Plastic
2026-02-20T19:39:17.760656,31,514,347,4,5,11.5,13.41421353816986,0.8031141418478369,0.8,0.575,1.0,202.0,Plastic
2026-02-20T19:39:17.760936,31,550,344,9,17,76.5,43.899494767189026,0.4988296447586112,0.5294117647058824,0.5,0.827027027027027,184.6797385620915,Plastic
2026-02-20T19:39:17.761213,31,612,341,5,4,11.0,12.828427076339722,0.8399544390775809,1.25,0.55,1.0,183.25,Plastic
2026-02-20T19:39:17.761480,31,592,333,14,7,59.0,35.65685415267944,0.5831440199819772,2.0,0.6020408163265306,0.9147286821705426,182.26530612244898,Plastic
2026-02-20T19:39:17.761746,31,504,331,9,12,46.5,37.899494767189026,0.406814080296792,0.75,0.4305555555555556,0.6838235294117647,182.5185185185185,Other
2026-02-20T19:39:17.762130,31,485,331,5,4,11.5,13.41421353816986,0.8031141418478369,1.25,0.575,1.0,190.55,Plastic
2026-02-20T19:39:17.762445,31,519,326,3,4,6.0,10.0,0.7539822368615503,0.75,0.5,1.0,201.91666666666666,Plastic
2026-02-20T19:39:17.762806,31,512,321,5,4,10.0,12.828427076339722,0.7635949446159828,1.25,0.5,0.9523809523809523,197.2,Plastic
2026-02-20T19:39:17.763093,31,543,320,20,17,227.0,71.79898953437805,0.5533489074040034,1.1764705882352942,0.6676470588235294,0.8407407407407408,189.7941176470588,Other
2026-02-20T19:39:17.763328,31,229,316,6,9,28.0,22.485281109809875,0.6959391244437427,0.6666666666666666,0.5185185185185185,0.9180327868852459,202.83333333333334,Plastic
2026-02-20T19:39:17.763541,31,487,310,5,10,29.5,27.071067690849304,0.5058492499518391,0.5,0.59,0.8309859154929577,192.16,Plastic
2026-02-20T19:39:17.763761,31,542,308,5,3,8.0,12.0,0.6981317007977318,1.6666666666666667,0.5333333333333333,1.0,199.33333333333334,Plastic
2026-02-20T19:39:17.764105,31,372,292,17,46,373.0,113.94112479686737,0.3610419707059957,0.3695652173913043,0.47698209718670076,0.7651282051282051,182.88107416879797,Other
2026-02-20T19:39:17.764334,31,544,195,4,3,6.0,10.0,0.7539822368615503,1.3333333333333333,0.5,1.0,184.41666666666666,Plastic
2026-02-20T19:39:17.764578,31,522,185,5,3,8.0,12.0,0.6981317007977318,1.6666666666666667,0.5333333333333333,1.0,188.6,Plastic
2026-02-20T19:39:17.764840,31,139,164,5,5,13.5,14.242640614509583,0.8363009706092603,1.0,0.54,1.0,184.0,Plastic
2026-02-20T19:39:17.765045,31,462,154,4,3,6.0,10.0,0.7539822368615503,1.3333333333333333,0.5,1.0,183.66666666666666,Plastic
2026-02-20T19:39:17.765267,31,195,145,4,6,14.5,15.41421353816986,0.7668936186867932,0.6666666666666666,0.6041666666666666,1.0,188.20833333333334,Plastic
2026-02-20T19:39:17.765494,31,73,141,5,13,35.5,30.242640614509583,0.4877517091349947,0.38461538461538464,0.5461538461538461,0.8875,207.44615384615383,Plastic
2026-02-20T19:39:17.765714,31,111,125,5,4,10.5,13.41421353816986,0.7332781295132426,1.25,0.525,0.9545454545454546,187.3,Plastic
2026-02-20T19:39:17.765946,31,518,117,10,8,42.5,27.899494767189026,0.6861295387942145,1.25,0.53125,0.8947368421052632,194.5875,Plastic
2026-02-20T19:39:17.766176,31,598,109,5,8,14.0,20.82842707633972,0.4055318338118025,0.625,0.35,0.6829268292682927,184.925,Other
2026-02-20T19:39:17.766400,31,72,105,4,18,37.0,38.82842707633972,0.3083983121185573,0.2222222222222222,0.5138888888888888,0.8505747126436781,204.27777777777777,Other
2026-02-20T19:39:17.766596,31,202,91,3,4,6.0,10.0,0.7539822368615503,0.75,0.5,1.0,198.91666666666666,Plastic
2026-02-20T19:39:17.766862,31,100,87,5,23,77.0,49.65685415267944,0.39241191320494584,0.21739130434782608,0.6695652173913044,0.9447852760736196,212.11304347826086,Other
2026-02-20T19:39:17.767160,31,111,81,6,41,115.5,90.72792184352875,0.1763233878093643,0.14634146341463414,0.4695121951219512,0.6814159292035398,186.5731707317073,Other
2026-02-20T19:39:17.767395,31,130,71,3,4,6.0,10.0,0.7539822368615503,0.75,0.5,1.0,206.08333333333334,Plastic
2026-02-20T19:39:17.767717,31,153,70,4,4,8.5,11.41421353816986,0.8198545354117053,1.0,0.53125,1.0,200.375,Plastic
2026-02-20T19:39:17.767923,31,85,62,5,19,48.0,41.65685415267944,0.3475987146958307,0.2631578947368421,0.5052631578947369,0.8347826086956521,203.14736842105262,Other
2026-02-20T19:39:17.768111,31,451,59,4,3,6.0,10.0,0.7539822368615503,1.3333333333333333,0.5,1.0,185.41666666666666,Plastic
2026-02-20T19:39:17.768316,31,189,59,7,12,46.0,31.313708186149597,0.5895202064534383,0.5833333333333334,0.5476190476190477,0.8932038834951457,197.35714285714286,Plastic
2026-02-20T19:39:17.768501,31,291,37,7,3,12.0,16.0,0.5890486225480862,2.3333333333333335,0.5714285714285714,1.0,186.14285714285714,Plastic
2026-02-20T19:39:17.768784,31,188,11,5,4,10.5,13.41421353816986,0.7332781295132426,1.25,0.525,0.9545454545454546,182.95,Plastic
2026-02-20T19:39:17.769135,31,458,2,15,7,60.5,37.071067690849304,0.5532164046499373,2.142857142857143,0.5761904761904761,0.8642857142857143,194.1238095238095,Plastic
2026-02-20T19:39:17.769365,31,508,0,4,7,17.5,17.41421353816986,0.7251705882634689,0.5714285714285714,0.625,1.0,206.17857142857142,Plastic
2026-02-20T19:39:17.769600,31,480,0,21,17,106.0,64.97056233882904,0.31556038542644255,1.2352941176470589,0.2969187675070028,0.603988603988604,174.3781512605042,Other
2026-02-20T19:39:17.769803,31,186,0,5,5,14.5,15.41421353816986,0.7668936186867932,1.0,0.58,0.9666666666666667,182.28,Plastic
2026-02-20T19:39:17.792457,32,513,356,4,4,8.5,11.41421353816986,0.8198545354117053,1.0,0.53125,1.0,199.125,Plastic
2026-02-20T19:39:17.792735,32,581,352,4,4,8.5,11.41421353816986,0.8198545354117053,1.0,0.53125,1.0,193.5625,Plastic
2026-02-20T19:39:17.793014,32,539,349,9,13,78.5,37.071067690849304,0.7178097151242987,0.6923076923076923,0.6709401709401709,0.9235294117647059,194.65811965811966,Plastic
2026-02-20T19:39:17.793296,32,550,348,9,13,71.5,35.899494767189026,0.6971708701213436,0.6923076923076923,0.6111111111111112,0.9225806451612903,189.51282051282053,Plastic
2026-02-20T19:39:17.793601,32,514,347,5,5,14.0,14.828427076339722,0.8001063703614795,1.0,0.56,0.9655172413793104,202.28,Plastic
2026-02-20T19:39:17.793896,32,504,338,6,5,19.0,16.82842707633972,0.843094807828266,1.2,0.6333333333333333,1.0,191.36666666666667,Plastic
2026-02-20T19:39:17.794162,32,591,333,14,7,55.5,35.071067690849304,0.5670284791244378,2.0,0.5663265306122449,0.8809523809523809,182.51020408163265,Plastic
2026-02-20T19:39:17.794412,32,506,331,7,5,20.5,18.242640614509583,0.7740844086099381,1.4,0.5857142857142857,0.9534883720930233,196.42857142857142,Plastic
2026-02-20T19:39:17.794676,32,485,331,4,4,8.5,11.41421353816986,0.8198545354117053,1.0,0.53125,1.0,192.375,Plastic
2026-02-20T19:39:17.794942,32,519,326,3,5,8.0,12.0,0.6981317007977318,0.6,0.5333333333333333,1.0,196.4,Plastic
2026-02-20T19:39:17.795231,32,512,321,5,3,8.0,12.0,0.6981317007977318,1.6666666666666667,0.5333333333333333,1.0,202.33333333333334,Plastic
2026-02-20T19:39:17.795602,32,543,319,20,19,233.0,72.28427064418793,0.5603742600964723,1.0526315789473684,0.6131578947368421,0.8161120840630472,185.78684210526316,Other
2026-02-20T19:39:17.796002,32,487,316,5,4,11.5,13.41421353816986,0.8031141418478369,1.25,0.575,1.0,195.25,Plastic
2026-02-20T19:39:17.796217,32,229,315,7,9,29.0,24.485281109809875,0.6078517524106875,0.7777777777777778,0.4603174603174603,0.8285714285714286,193.66666666666666,Plastic
2026-02-20T19:39:17.796400,32,488,310,4,3,6.0,10.0,0.7539822368615503,1.3333333333333333,0.5,1.0,206.75,Plastic
2026-02-20T19:39:17.796554,32,543,308,4,3,6.0,10.0,0.7539822368615503,1.3333333333333333,0.5,1.0,201.33333333333334,Plastic
2026-02-20T19:39:17.796744,32,376,292,16,45,354.0,110.28427076339722,0.3657513808124435,0.35555555555555557,0.49166666666666664,0.7937219730941704,183.31944444444446,Other
2026-02-20T19:39:17.796895,32,628,161,4,5,10.5,13.41421353816986,0.7332781295132426,0.8,0.525,0.9545454545454546,183.95,Plastic
2026-02-20T19:39:17.797040,32,462,154,4,4,8.5,11.41421353816986,0.8198545354117053,1.0,0.53125,1.0,185.25,Plastic
2026-02-20T19:39:17.797178,32,196,145,3,5,8.0,12.0,0.6981317007977318,0.6,0.5333333333333333,1.0,189.2,Plastic
2026-02-20T19:39:17.797318,32,73,140,5,13,34.0,29.656854152679443,0.48577886771946965,0.38461538461538464,0.5230769230769231,0.8831168831168831,207.73846153846154,Plastic
2026-02-20T19:39:17.797456,32,134,139,5,24,65.5,53.071067690849304,0.29223721080266396,0.20833333333333334,0.5458333333333333,0.81875,187.875,Other
2026-02-20T19:39:17.797592,32,629,134,8,17,46.5,49.899494767189026,0.2346769958539615,0.47058823529411764,0.34191176470588236,0.5636363636363636,181.0441176470588,Other
2026-02-20T19:39:17.797726,32,126,119,4,6,14.5,15.41421353816986,0.7668936186867932,0.6666666666666666,0.6041666666666666,1.0,194.66666666666666,Plastic
2026-02-20T19:39:17.797863,32,518,117,10,8,42.0,27.313708305358887,0.7074533708743213,1.25,0.525,0.8936170212765957,193.625,Plastic
2026-02-20T19:39:17.797994,32,112,115,4,12,25.0,26.82842707633972,0.4364750770912158,0.3333333333333333,0.5208333333333334,0.8771929824561403,185.66666666666666,Other
2026-02-20T19:39:17.798110,32,105,113,3,4,6.0,10.0,0.7539822368615503,0.75,0.5,1.0,194.5,Plastic
2026-02-20T19:39:17.798238,32,72,103,4,19,42.0,40.82842707633972,0.31661672802111024,0.21052631578947367,0.5526315789473685,0.8842105263157894,200.46052631578948,Other
2026-02-20T19:39:17.798374,32,100,86,5,23,70.0,49.65685415267944,0.35673810291358715,0.21739130434782608,0.6086956521739131,0.8974358974358975,210.16521739130434,Other
2026-02-20T19:39:17.798537,32,112,79,5,25,69.0,53.65685415267944,0.3011678031929389,0.2,0.552,0.8734177215189873,193.448,Other
2026-02-20T19:39:17.798670,32,149,70,9,3,16.0,20.0,0.5026548245743669,3.0,0.5925925925925926,1.0,199.22222222222223,Plastic
2026-02-20T19:39:17.798799,32,130,70,4,4,8.5,11.41421353816986,0.8198545354117053,1.0,0.53125,1.0,199.9375,Plastic
2026-02-20T19:39:17.798965,32,85,61,5,20,46.0,43.65685415267944,0.30329330239268815,0.25,0.46,0.7931034482758621,201.98,Other
2026-02-20T19:39:17.799156,32,189,58,7,12,42.5,29.899494767189026,0.597408083132902,0.5833333333333334,0.5059523809523809,0.8854166666666666,195.75,Plastic
2026-02-20T19:39:17.799309,32,230,28,4,3,6.0,10.0,0.7539822368615503,1.3333333333333333,0.5,1.0,189.25,Plastic
2026-02-20T19:39:17.799501,32,458,2,14,7,57.5,35.071067690849304,0.5874619378316247,2.0,0.5867346938775511,0.8778625954198473,195.0,Plastic
2026-02-20T19:39:17.799686,32,509,0,4,6,14.5,15.41421353816986,0.7668936186867932,0.6666666666666666,0.6041666666666666,1.0,205.20833333333334,Plastic
2026-02-20T19:39:17.799849,32,480,0,21,16,100.0,62.97056245803833,0.3169091065703727,1.3125,0.2976190476190476,0.6060606060606061,173.96130952380952,Other
2026-02-20T19:39:17.800009,32,188,0,4,5,9.5,13.41421353816986,0.6634421171786479,0.8,0.475,0.9047619047619048,182.25,Plastic
2026-02-20T19:39:17.822743,33,383,398,12,3,22.0,26.0,0.40896472413594936,4.0,0.6111111111111112,1.0,195.33333333333334,Other
2026-02-20T19:39:17.822982,33,513,356,4,4,9.0,12.0,0.7853981633974483,1.0,0.5625,1.0,202.3125,Plastic
2026-02-20T19:39:17.823225,33,581,352,4,4,9.0,12.0,0.7853981633974483,1.0,0.5625,1.0,197.9375,Plastic
2026-02-20T19:39:17.823471,33,539,349,9,13,78.0,36.485281229019165,0.7363241935557948,0.6923076923076923,0.6666666666666666,0.9230769230769231,193.76923076923077,Plastic
2026-02-20T19:39:17.823715,33,514,347,5,5,15.5,15.41421353816986,0.8197828337686409,1.0,0.62,1.0,202.24,Plastic
2026-02-20T19:39:17.823870,33,550,343,10,18,88.5,49.55634891986847,0.4528501652202933,0.5555555555555556,0.49166666666666664,0.7797356828193832,182.00555555555556,Plastic
2026-02-20T19:39:17.824016,33,504,338,6,5,19.0,16.82842707633972,0.843094807828266,1.2,0.6333333333333333,1.0,193.1,Plastic
2026-02-20T19:39:17.824152,33,587,332,19,8,70.0,46.485281229019165,0.40707738741904265,2.375,0.4605263157894737,0.7692307692307693,180.44736842105263,Other
2026-02-20T19:39:17.824290,33,506,331,7,5,20.0,17.656854152679443,0.8061450660379307,1.4,0.5714285714285714,0.9523809523809523,196.6,Plastic
2026-02-20T19:39:17.824423,33,485,331,5,3,8.0,12.0,0.6981317007977318,1.6666666666666667,0.5333333333333333,1.0,197.26666666666668,Plastic
2026-02-20T19:39:17.824648,33,519,326,3,4,6.0,10.0,0.7539822368615503,0.75,0.5,1.0,195.83333333333334,Plastic
2026-02-20T19:39:17.824811,33,513,321,4,3,6.0,10.0,0.7539822368615503,1.3333333333333333,0.5,1.0,201.75,Plastic
2026-02-20T19:39:17.825109,33,543,319,20,18,227.5,72.04163014888763,0.5508383924359235,1.1111111111111112,0.6319444444444444,0.8257713248638838,187.33333333333334,Other
2026-02-20T19:39:17.825361,33,487,316,5,4,11.5,13.41421353816986,0.8031141418478369,1.25,0.575,1.0,196.8,Plastic
2026-02-20T19:39:17.825568,33,229,315,7,9,29.0,24.485281109809875,0.6078517524106875,0.7777777777777778,0.4603174603174603,0.8285714285714286,193.55555555555554,Plastic
2026-02-20T19:39:17.825785,33,488,310,5,3,8.0,12.0,0.6981317007977318,1.6666666666666667,0.5333333333333333,1.0,209.2,Plastic
2026-02-20T19:39:17.825980,33,543,308,4,3,6.0,10.0,0.7539822368615503,1.3333333333333333,0.5,1.0,199.08333333333334,Plastic
2026-02-20T19:39:17.826214,33,378,291,16,44,352.0,108.28427064418793,0.37724350926926836,0.36363636363636365,0.5,0.800910125142207,183.19602272727272,Other
2026-02-20T19:39:17.826468,33,190,180,5,5,12.0,13.656854152679443,0.8085181381420814,1.0,0.48,1.0,182.12,Plastic
2026-02-20T19:39:17.826815,33,627,160,5,8,21.5,20.242640614509583,0.6593469391230654,0.625,0.5375,0.9148936170212766,182.55,Plastic
2026-02-20T19:39:17.827020,33,462,154,4,3,6.0,10.0,0.7539822368615503,1.3333333333333333,0.5,1.0,183.41666666666666,Plastic
2026-02-20T19:39:17.827224,33,134,154,4,14,30.0,31.656854152679443,0.37617991847056387,0.2857142857142857,0.5357142857142857,0.8450704225352113,186.19642857142858,Other
2026-02-20T19:39:17.827417,33,196,146,3,4,6.0,10.0,0.7539822368615503,0.75,0.5,1.0,190.25,Plastic
2026-02-20T19:39:17.827597,33,73,140,5,13,38.5,30.242640614509583,0.5289701634280929,0.38461538461538464,0.5923076923076923,0.927710843373494,207.07692307692307,Plastic
2026-02-20T19:39:17.827744,33,134,139,5,10,34.0,24.82842707633972,0.6930911713749693,0.5,0.68,0.9855072463768116,193.24,Plastic
2026-02-20T19:39:17.827943,33,111,120,6,5,15.5,16.242640614509583,0.7382922197978818,1.2,0.5166666666666667,0.9393939393939394,185.13333333333333,Plastic
2026-02-20T19:39:17.828115,33,126,119,4,6,14.5,15.41421353816986,0.7668936186867932,0.6666666666666666,0.6041666666666666,1.0,194.79166666666666,Plastic
2026-02-20T19:39:17.828332,33,519,117,9,8,36.5,27.071067690849304,0.6258812753641398,1.125,0.5069444444444444,0.8390804597701149,194.83333333333334,Plastic
2026-02-20T19:39:17.828551,33,598,108,4,4,8.5,11.41421353816986,0.8198545354117053,1.0,0.53125,1.0,187.125,Plastic
2026-02-20T19:39:17.828761,33,72,105,4,16,36.0,34.82842707633972,0.3729448739640698,0.25,0.5625,0.9,201.015625,Other
2026-02-20T19:39:17.829075,33,100,86,5,23,69.0,49.65685415267944,0.3516418443005359,0.21739130434782608,0.6,0.8903225806451613,209.61739130434782,Other
2026-02-20T19:39:17.829298,33,201,81,4,4,8.0,10.828427076339722,0.8573716100878628,1.0,0.5,1.0,194.0,Plastic
2026-02-20T19:39:17.829453,33,112,81,5,23,62.0,49.65685415267944,0.31596803400917717,0.21739130434782608,0.5391304347826087,0.8493150684931506,194.24347826086955,Other
2026-02-20T19:39:17.829625,33,149,70,9,4,19.0,20.82842707633972,0.550364631601732,2.25,0.5277777777777778,0.9047619047619048,193.77777777777777,Plastic
2026-02-20T19:39:17.829785,33,130,70,4,4,8.5,11.41421353816986,0.8198545354117053,1.0,0.53125,1.0,203.5625,Plastic
2026-02-20T19:39:17.829945,33,85,61,5,20,47.0,43.65685415267944,0.30988663505339875,0.25,0.47,0.8034188034188035,202.05,Other
2026-02-20T19:39:17.830076,33,452,58,4,3,6.0,10.0,0.7539822368615503,1.3333333333333333,0.5,1.0,185.83333333333334,Plastic
2026-02-20T19:39:17.830249,33,190,58,6,12,38.0,28.485281109809875,0.5885080953544848,0.5,0.5277777777777778,0.9382716049382716,199.31944444444446,Plastic
2026-02-20T19:39:17.830517,33,470,43,4,4,8.0,10.828427076339722,0.8573716100878628,1.0,0.5,1.0,193.75,Plastic
2026-02-20T19:39:17.830746,33,494,41,5,4,11.5,13.41421353816986,0.8031141418478369,1.25,0.575,1.0,189.8,Plastic
2026-02-20T19:39:17.830929,33,225,28,5,3,8.0,12.0,0.6981317007977318,1.6666666666666667,0.5333333333333333,1.0,187.86666666666667,Plastic
2026-02-20T19:39:17.831074,33,0,4,4,3,6.0,10.0,0.7539822368615503,1.3333333333333333,0.5,1.0,212.33333333333334,Plastic
2026-02-20T19:39:17.831226,33,458,2,16,7,62.5,37.899494767189026,0.5467931186784839,2.2857142857142856,0.5580357142857143,0.8741258741258742,192.16964285714286,Plastic
2026-02-20T19:39:17.831374,33,509,0,4,6,14.5,15.41421353816986,0.7668936186867932,0.6666666666666666,0.6041666666666666,1.0,208.16666666666666,Plastic
2026-02-20T19:39:17.831519,33,480,0,21,16,95.5,62.38477599620819,0.3083585505476578,1.3125,0.28422619047619047,0.5987460815047022,173.69940476190476,Other
2026-02-20T19:39:17.856025,34,513,356,4,4,8.5,11.41421353816986,0.8198545354117053,1.0,0.53125,1.0,202.4375,Plastic
2026-02-20T19:39:17.856256,34,581,352,4,4,9.0,12.0,0.7853981633974483,1.0,0.5625,1.0,197.1875,Plastic
2026-02-20T19:39:17.856509,34,539,349,9,13,78.0,36.485281229019165,0.7363241935557948,0.6923076923076923,0.6666666666666666,0.9230769230769231,193.48717948717947,Plastic
2026-02-20T19:39:17.856805,34,550,348,10,13,74.5,36.72792184352875,0.6940223005922853,0.7692307692307693,0.573076923076923,0.8975903614457831,185.6076923076923,Plastic
2026-02-20T19:39:17.857038,34,514,347,5,5,15.0,14.828427076339722,0.8572568253872993,1.0,0.6,1.0,202.44,Plastic
2026-02-20T19:39:17.857293,34,504,338,6,6,22.0,17.656854152679443,0.8867595726417237,1.0,0.6111111111111112,1.0,192.55555555555554,Plastic
2026-02-20T19:39:17.857465,34,587,333,16,7,54.5,39.071067690849304,0.4486377435930523,2.2857142857142856,0.48660714285714285,0.7956204379562044,181.375,Other
2026-02-20T19:39:17.857649,34,506,331,7,5,20.0,17.656854152679443,0.8061450660379307,1.4,0.5714285714285714,0.9523809523809523,196.34285714285716,Plastic
2026-02-20T19:39:17.857788,34,485,331,5,3,8.0,12.0,0.6981317007977318,1.6666666666666667,0.5333333333333333,1.0,193.8,Plastic
2026-02-20T19:39:17.857903,34,519,326,3,4,6.0,10.0,0.7539822368615503,0.75,0.5,1.0,196.0,Plastic
2026-02-20T19:39:17.858013,34,513,321,4,3,6.0,10.0,0.7539822368615503,1.3333333333333333,0.5,1.0,203.25,Plastic
2026-02-20T19:39:17.858223,34,543,319,20,18,234.0,69.4558435678482,0.6095483229382456,1.1111111111111112,0.65,0.8447653429602888,187.45555555555555,Other
2026-02-20T19:39:17.858418,34,487,316,5,4,12.0,14.0,0.7693696294505615,1.25,0.6,1.0,196.7,Plastic
2026-02-20T19:39:17.858618,34,229,315,7,9,29.0,24.485281109809875,0.6078517524106875,0.7777777777777778,0.4603174603174603,0.8285714285714286,194.14285714285714,Plastic
2026-02-20T19:39:17.858817,34,488,310,5,3,8.0,12.0,0.6981317007977318,1.6666666666666667,0.5333333333333333,1.0,209.73333333333332,Plastic
2026-02-20T19:39:17.858991,34,543,308,4,3,6.0,10.0,0.7539822368615503,1.3333333333333333,0.5,1.0,197.66666666666666,Plastic
2026-02-20T19:39:17.859329,34,379,290,17,45,382.5,112.5269113779068,0.3796020126105804,0.37777777777777777,0.5,0.8010471204188482,181.80522875816993,Other
2026-02-20T19:39:17.859587,34,627,159,5,7,17.5,18.242640614509583,0.6608037634475081,0.7142857142857143,0.5,0.8974358974358975,181.71428571428572,Plastic
2026-02-20T19:39:17.859757,34,462,154,4,3,6.0,10.0,0.7539822368615503,1.3333333333333333,0.5,1.0,184.66666666666666,Plastic
2026-02-20T19:39:17.859909,34,134,152,4,14,33.0,30.82842707633972,0.43633602442524444,0.2857142857142857,0.5892857142857143,0.9295774647887324,188.03571428571428,Other
2026-02-20T19:39:17.860055,34,196,145,3,5,8.0,12.0,0.6981317007977318,0.6,0.5333333333333333,1.0,187.26666666666668,Plastic
2026-02-20T19:39:17.860192,34,629,144,4,4,8.5,11.41421353816986,0.8198545354117053,1.0,0.53125,1.0,182.9375,Plastic
2026-02-20T19:39:17.860353,34,73,140,5,13,37.0,29.656854152679443,0.5286417089888347,0.38461538461538464,0.5692307692307692,0.925,206.90769230769232,Plastic
2026-02-20T19:39:17.860493,34,134,139,5,10,34.5,25.41421353816986,0.6712365703717779,0.5,0.69,0.9857142857142858,193.42,Plastic
2026-02-20T19:39:17.860629,34,126,118,4,7,17.0,16.82842707633972,0.7543479859516065,0.5714285714285714,0.6071428571428571,1.0,193.82142857142858,Plastic
2026-02-20T19:39:17.860867,34,519,117,9,7,32.5,26.242640614509583,0.5930320417907278,1.2857142857142858,0.5158730158730159,0.8333333333333334,199.11111111111111,Plastic
2026-02-20T19:39:17.861063,34,598,108,4,4,8.5,11.41421353816986,0.8198545354117053,1.0,0.53125,1.0,187.0,Plastic
2026-02-20T19:39:17.861258,34,72,105,4,15,34.0,32.82842707633972,0.3964501912691866,0.26666666666666666,0.5666666666666667,0.9066666666666666,201.91666666666666,Other
2026-02-20T19:39:17.861410,34,100,86,5,23,69.0,49.65685415267944,0.3516418443005359,0.21739130434782608,0.6,0.8903225806451613,210.26956521739132,Other
2026-02-20T19:39:17.861545,34,113,82,4,22,56.0,46.82842707633972,0.3209066745347487,0.18181818181818182,0.6363636363636364,0.9491525423728814,199.3181818181818,Other
2026-02-20T19:39:17.861681,34,201,81,4,4,8.0,10.828427076339722,0.8573716100878628,1.0,0.5,1.0,193.6875,Plastic
2026-02-20T19:39:17.861834,34,131,80,5,5,14.5,14.242640614509583,0.8982491906543908,1.0,0.58,1.0,186.32,Plastic
2026-02-20T19:39:17.862031,34,130,71,4,3,6.0,10.0,0.7539822368615503,1.3333333333333333,0.5,1.0,202.75,Plastic
2026-02-20T19:39:17.862187,34,153,70,5,4,11.0,12.828427076339722,0.8399544390775809,1.25,0.55,1.0,198.65,Plastic
2026-02-20T19:39:17.862323,34,85,61,5,20,47.0,43.65685415267944,0.30988663505339875,0.25,0.47,0.8034188034188035,202.05,Other
2026-02-20T19:39:17.862458,34,190,58,6,12,39.0,28.485281109809875,0.6039951504953923,0.5,0.5416666666666666,0.9397590361445783,199.25,Plastic
2026-02-20T19:39:17.862572,34,495,41,4,4,9.0,12.0,0.7853981633974483,1.0,0.5625,1.0,189.6875,Plastic
2026-02-20T19:39:17.862698,34,225,28,5,3,8.0,12.0,0.6981317007977318,1.6666666666666667,0.5333333333333333,1.0,184.66666666666666,Plastic
2026-02-20T19:39:17.862832,34,458,2,17,7,64.5,39.899494767189026,0.5091371484306376,2.4285714285714284,0.542016806722689,0.8716216216216216,191.43697478991598,Plastic
2026-02-20T19:39:17.862984,34,509,0,4,6,14.5,15.41421353816986,0.7668936186867932,0.6666666666666666,0.6041666666666666,1.0,210.33333333333334,Plastic
2026-02-20T19:39:17.863131,34,480,0,21,16,90.5,62.38477599620819,0.2922141238174139,1.3125,0.2693452380952381,0.5764331210191083,173.42857142857142,Other
2026-02-20T19:39:17.889947,35,384,397,13,3,24.0,28.0,0.38468481472528077,4.333333333333333,0.6153846153846154,1.0,195.92307692307693,Other
2026-02-20T19:39:17.890266,35,513,356,4,4,8.5,11.41421353816986,0.8198545354117053,1.0,0.53125,1.0,199.25,Plastic
2026-02-20T19:39:17.890512,35,581,352,4,4,8.5,11.41421353816986,0.8198545354117053,1.0,0.53125,1.0,199.4375,Plastic
2026-02-20T19:39:17.890766,35,539,349,9,13,79.0,36.485281229019165,0.7457642473193307,0.6923076923076923,0.6752136752136753,0.9294117647058824,194.02564102564102,Plastic
2026-02-20T19:39:17.890948,35,514,347,5,5,14.0,14.828427076339722,0.8001063703614795,1.0,0.56,0.9655172413793104,202.72,Plastic
2026-02-20T19:39:17.891097,35,550,343,10,18,95.5,46.72792172431946,0.5496171858900303,0.5555555555555556,0.5305555555555556,0.8414096916299559,181.98333333333332,Plastic
2026-02-20T19:39:17.891238,35,504,338,6,5,19.0,16.82842707633972,0.843094807828266,1.2,0.6333333333333333,1.0,194.76666666666668,Plastic
2026-02-20T19:39:17.891378,35,587,333,12,8,41.5,35.071067690849304,0.42399426817412916,1.5,0.4322916666666667,0.6916666666666667,181.19791666666666,Other
2026-02-20T19:39:17.891555,35,506,331,7,5,21.0,18.82842707633972,0.7443909379207413,1.4,0.6,0.9545454545454546,196.5142857142857,Plastic
2026-02-20T19:39:17.891791,35,485,331,5,3,8.0,12.0,0.6981317007977318,1.6666666666666667,0.5333333333333333,1.0,194.6,Plastic
2026-02-20T19:39:17.891965,35,519,326,3,4,6.0,10.0,0.7539822368615503,0.75,0.5,1.0,197.5,Plastic
2026-02-20T19:39:17.892129,35,513,321,4,3,6.0,10.0,0.7539822368615503,1.3333333333333333,0.5,1.0,200.91666666666666,Plastic
2026-02-20T19:39:17.892333,35,543,319,20,18,227.0,69.4558435678482,0.5913139713973579,1.1111111111111112,0.6305555555555555,0.8360957642725598,186.90833333333333,Other
2026-02-20T19:39:17.892560,35,486,316,6,4,13.5,15.41421353816986,0.7140044036049453,1.5,0.5625,0.9642857142857143,193.83333333333334,Plastic
2026-02-20T19:39:17.892783,35,229,315,7,9,29.0,24.485281109809875,0.6078517524106875,0.7777777777777778,0.4603174603174603,0.8285714285714286,194.1904761904762,Plastic
2026-02-20T19:39:17.893024,35,488,310,5,3,8.0,12.0,0.6981317007977318,1.6666666666666667,0.5333333333333333,1.0,206.33333333333334,Plastic
2026-02-20T19:39:17.893272,35,543,308,5,3,8.0,12.0,0.6981317007977318,1.6666666666666667,0.5333333333333333,1.0,196.26666666666668,Plastic
2026-02-20T19:39:17.893616,35,380,290,16,45,357.0,109.94112479686737,0.3711570620844408,0.35555555555555557,0.49583333333333335,0.780327868852459,183.48611111111111,Other
2026-02-20T19:39:17.893844,35,522,184,4,3,6.0,10.0,0.7539822368615503,1.3333333333333333,0.5,1.0,195.58333333333334,Plastic
2026-02-20T19:39:17.894050,35,627,161,5,6,13.0,16.82842707633972,0.5768543421982874,0.8333333333333334,0.43333333333333335,0.8125,182.4,Plastic
2026-02-20T19:39:17.894237,35,134,153,4,13,31.0,28.82842707633972,0.46873746109308023,0.3076923076923077,0.5961538461538461,0.9393939393939394,189.09615384615384,Plastic
2026-02-20T19:39:17.894388,35,196,145,3,5,8.0,12.0,0.6981317007977318,0.6,0.5333333333333333,1.0,187.0,Plastic
2026-02-20T19:39:17.894537,35,629,143,6,6,18.5,17.071067690849304,0.797737896300187,1.0,0.5138888888888888,0.9487179487179487,181.72222222222223,Plastic
2026-02-20T19:39:17.894691,35,73,140,5,12,35.5,28.242640614509583,0.5592778475383348,0.4166666666666667,0.5916666666666667,0.922077922077922,209.0,Plastic
2026-02-20T19:39:17.894835,35,134,138,5,10,35.0,24.82842707633972,0.7134762058271743,0.5,0.7,1.0,196.04,Plastic
2026-02-20T19:39:17.895023,35,126,118,4,7,17.0,16.82842707633972,0.7543479859516065,0.5714285714285714,0.6071428571428571,1.0,193.0,Plastic
2026-02-20T19:39:17.895173,35,519,117,9,7,32.5,26.242640614509583,0.5930320417907278,1.2857142857142858,0.5158730158730159,0.8333333333333334,198.12698412698413,Plastic
2026-02-20T19:39:17.895314,35,72,105,4,15,37.0,32.82842707633972,0.4314310904988207,0.26666666666666666,0.6166666666666667,0.9487179487179487,204.76666666666668,Other
2026-02-20T19:39:17.895455,35,100,86,6,23,71.0,50.485281229019165,0.3500569085134906,0.2608695652173913,0.5144927536231884,0.8304093567251462,203.4927536231884,Other
2026-02-20T19:39:17.895697,35,201,81,4,4,8.5,11.41421353816986,0.8198545354117053,1.0,0.53125,1.0,197.0625,Plastic
2026-02-20T19:39:17.895947,35,113,81,5,23,65.0,49.65685415267944,0.3312568098483309,0.21739130434782608,0.5652173913043478,0.87248322147651,192.95652173913044,Other
2026-02-20T19:39:17.896106,35,131,80,4,5,10.5,13.41421353816986,0.7332781295132426,0.8,0.525,0.9545454545454546,187.05,Plastic
2026-02-20T19:39:17.896226,35,130,71,4,3,6.0,10.0,0.7539822368615503,1.3333333333333333,0.5,1.0,203.75,Plastic
2026-02-20T19:39:17.896356,35,153,70,5,4,11.0,12.828427076339722,0.8399544390775809,1.25,0.55,1.0,199.1,Plastic
2026-02-20T19:39:17.896488,35,85,61,5,20,47.0,43.65685415267944,0.30988663505339875,0.25,0.47,0.8034188034188035,202.39,Other
2026-02-20T19:39:17.896627,35,452,58,4,4,8.0,10.828427076339722,0.8573716100878628,1.0,0.5,1.0,186.5,Plastic
2026-02-20T19:39:17.896760,35,190,58,6,12,39.0,28.485281109809875,0.6039951504953923,0.5,0.5416666666666666,0.9397590361445783,199.22222222222223,Plastic
2026-02-20T19:39:17.896908,35,470,43,4,4,8.0,10.828427076339722,0.8573716100878628,1.0,0.5,1.0,193.75,Plastic
2026-02-20T19:39:17.897067,35,509,0,4,6,14.5,15.41421353816986,0.7668936186867932,0.6666666666666666,0.6041666666666666,1.0,211.04166666666666,Plastic
2026-02-20T19:39:17.897210,35,480,0,21,16,90.5,62.38477599620819,0.2922141238174139,1.3125,0.2693452380952381,0.5764331210191083,173.375,Other
2026-02-20T19:39:17.897346,35,459,0,15,9,64.5,39.899494767189026,0.5091371484306376,1.6666666666666667,0.4777777777777778,0.7865853658536586,185.28148148148148,Plastic
2026-02-20T19:39:17.921252,36,383,396,4,3,6.0,10.0,0.7539822368615503,1.3333333333333333,0.5,1.0,195.08333333333334,Plastic
2026-02-20T19:39:17.921509,36,514,355,3,4,6.0,10.0,0.7539822368615503,0.75,0.5,1.0,199.83333333333334,Plastic
2026-02-20T19:39:17.921902,36,581,352,4,3,6.0,10.0,0.7539822368615503,1.3333333333333333,0.5,1.0,198.41666666666666,Plastic
2026-02-20T19:39:17.922228,36,539,349,9,13,76.5,37.071067690849304,0.6995215695160363,0.6923076923076923,0.6538461538461539,0.9107142857142857,194.36752136752136,Plastic
2026-02-20T19:39:17.922522,36,514,346,5,5,13.5,14.242640614509583,0.8363009706092603,1.0,0.54,0.9642857142857143,200.08,Plastic
2026-02-20T19:39:17.922759,36,550,340,10,21,92.5,51.55634891986847,0.4373078651053031,0.47619047619047616,0.44047619047619047,0.7905982905982906,180.14285714285714,Other
2026-02-20T19:39:17.922938,36,593,333,7,7,28.0,21.656854152679443,0.75020015882688,1.0,0.5714285714285714,0.9180327868852459,183.3673469387755,Plastic
2026-02-20T19:39:17.923519,36,504,331,9,12,41.0,40.485281229019165,0.3143398198144846,0.75,0.37962962962962965,0.5899280575539568,182.07407407407408,Other
2026-02-20T19:39:17.923666,36,485,331,4,3,6.0,10.0,0.7539822368615503,1.3333333333333333,0.5,1.0,192.0,Plastic
2026-02-20T19:39:17.923783,36,519,325,3,4,6.0,10.0,0.7539822368615503,0.75,0.5,1.0,197.5,Plastic
2026-02-20T19:39:17.923950,36,512,320,5,4,10.0,12.828427076339722,0.7635949446159828,1.25,0.5,0.9523809523809523,194.5,Plastic
2026-02-20T19:39:17.924128,36,543,319,20,18,234.0,66.97056245803833,0.655628506994587,1.1111111111111112,0.65,0.8634686346863468,187.37777777777777,Other
2026-02-20T19:39:17.924270,36,229,315,7,8,26.0,22.485281109809875,0.6462291869834754,0.875,0.4642857142857143,0.8524590163934426,197.39285714285714,Plastic
2026-02-20T19:39:17.924428,36,487,309,6,10,32.5,29.071067690849304,0.4832493296666369,0.6,0.5416666666666666,0.7831325301204819,189.66666666666666,Plastic
2026-02-20T19:39:17.924548,36,543,307,3,4,6.0,10.0,0.7539822368615503,0.75,0.5,1.0,191.91666666666666,Plastic
2026-02-20T19:39:17.924922,36,380,290,17,44,351.0,109.94112479686737,0.36491912826789563,0.38636363636363635,0.4692513368983957,0.7468085106382979,182.6524064171123,Other
2026-02-20T19:39:17.925157,36,522,184,5,3,8.0,12.0,0.6981317007977318,1.6666666666666667,0.5333333333333333,1.0,190.93333333333334,Plastic
2026-02-20T19:39:17.925410,36,627,161,4,5,10.0,12.828427076339722,0.7635949446159828,0.8,0.5,0.9523809523809523,181.8,Plastic
2026-02-20T19:39:17.925616,36,134,153,4,12,29.0,26.82842707633972,0.5063110894258103,0.3333333333333333,0.6041666666666666,0.9508196721311475,191.125,Plastic
2026-02-20T19:39:17.925819,36,570,146,3,4,6.0,10.0,0.7539822368615503,0.75,0.5,1.0,183.16666666666666,Plastic
2026-02-20T19:39:17.926026,36,629,145,4,4,8.5,11.41421353816986,0.8198545354117053,1.0,0.53125,1.0,182.75,Plastic
2026-02-20T19:39:17.926371,36,196,145,3,10,18.0,22.0,0.4673443616910436,0.3,0.6,1.0,185.36666666666667,Plastic
2026-02-20T19:39:17.926628,36,73,140,5,12,34.0,27.656854152679443,0.5585772224210525,0.4166666666666667,0.5666666666666667,0.918918918918919,207.43333333333334,Plastic
2026-02-20T19:39:17.926887,36,134,138,5,9,31.0,22.82842707633972,0.7475144293459665,0.5555555555555556,0.6888888888888889,1.0,195.04444444444445,Plastic
2026-02-20T19:39:17.927168,36,126,118,4,7,15.0,16.82842707633972,0.6656011640749468,0.5714285714285714,0.5357142857142857,0.9375,192.85714285714286,Plastic
2026-02-20T19:39:17.927500,36,111,118,5,3,8.0,12.0,0.6981317007977318,1.6666666666666667,0.5333333333333333,1.0,188.46666666666667,Plastic
2026-02-20T19:39:17.927795,36,519,117,9,7,37.5,25.071067690849304,0.7497137444653871,1.2857142857142858,0.5952380952380952,0.9259259259259259,197.9206349206349,Plastic
2026-02-20T19:39:17.928046,36,72,105,4,15,36.5,33.41421353816986,0.4108092757616099,0.26666666666666666,0.6083333333333333,0.9358974358974359,206.2,Other
2026-02-20T19:39:17.928344,36,100,86,6,22,68.5,49.071067690849304,0.3574780831706023,0.2727272727272727,0.5189393939393939,0.8253012048192772,204.2651515151515,Other
2026-02-20T19:39:17.928644,36,201,81,4,4,8.5,11.41421353816986,0.8198545354117053,1.0,0.53125,1.0,197.4375,Plastic
2026-02-20T19:39:17.928910,36,113,81,5,22,63.0,47.65685415267944,0.34857775735584673,0.22727272727272727,0.5727272727272728,0.875,193.45454545454547,Other
2026-02-20T19:39:17.929200,36,131,79,4,6,12.0,14.828427076339722,0.6858054603098395,0.6666666666666666,0.5,0.9230769230769231,185.33333333333334,Plastic
2026-02-20T19:39:17.929404,36,154,69,4,5,10.5,13.41421353816986,0.7332781295132426,0.8,0.525,0.9545454545454546,198.65,Plastic
2026-02-20T19:39:17.929551,36,85,61,5,19,49.5,42.24264061450958,0.3485884121903429,0.2631578947368421,0.5210526315789473,0.8461538461538461,204.10526315789474,Other
2026-02-20T19:39:17.929950,36,452,58,4,4,8.5,11.41421353816986,0.8198545354117053,1.0,0.53125,1.0,186.4375,Plastic
2026-02-20T19:39:17.930167,36,190,58,6,11,36.5,27.071067690849304,0.6258812753641398,0.5454545454545454,0.553030303030303,0.9358974358974359,200.4848484848485,Plastic
2026-02-20T19:39:17.930332,36,470,43,4,4,8.0,10.828427076339722,0.8573716100878628,1.0,0.5,1.0,192.875,Plastic
2026-02-20T19:39:17.930478,36,509,0,4,6,14.5,15.41421353816986,0.7668936186867932,0.6666666666666666,0.6041666666666666,1.0,206.83333333333334,Plastic
2026-02-20T19:39:17.930624,36,481,0,20,16,88.0,60.97056233882904,0.29747613826747044,1.25,0.275,0.5751633986928104,173.446875,Other
2026-02-20T19:39:17.930763,36,458,0,16,8,62.5,39.899494767189026,0.4933499500296876,2.0,0.48828125,0.7911392405063291,187.578125,Plastic
2026-02-20T19:39:17.950781,37,382,395,4,3,6.0,10.0,0.7539822368615503,1.3333333333333333,0.5,1.0,198.08333333333334,Plastic
2026-02-20T19:39:17.951005,37,514,354,3,4,6.0,10.0,0.7539822368615503,0.75,0.5,1.0,196.58333333333334,Plastic
2026-02-20T19:39:17.951285,37,539,348,9,13,76.0,36.485281229019165,0.7174440860287231,0.6923076923076923,0.6495726495726496,0.9212121212121213,192.76923076923077,Plastic
2026-02-20T19:39:17.951529,37,514,346,5,5,15.0,14.828427076339722,0.8572568253872993,1.0,0.6,1.0,199.48,Plastic
2026-02-20T19:39:17.951756,37,550,339,10,20,78.5,52.72792184352875,0.35481192762585,0.5,0.3925,0.7040358744394619,179.8,Other
2026-02-20T19:39:17.951906,37,505,337,5,5,15.5,15.41421353816986,0.8197828337686409,1.0,0.62,1.0,191.32,Plastic
2026-02-20T19:39:17.952043,37,594,333,5,7,18.0,18.82842707633972,0.6380493753606353,0.7142857142857143,0.5142857142857142,0.9,182.71428571428572,Plastic
2026-02-20T19:39:17.952244,37,506,330,7,5,20.5,18.242640614509583,0.7740844086099381,1.4,0.5857142857142857,0.9534883720930233,191.94285714285715,Plastic
2026-02-20T19:39:17.952461,37,486,330,4,3,6.0,10.0,0.7539822368615503,1.3333333333333333,0.5,1.0,190.16666666666666,Plastic
2026-02-20T19:39:17.952614,37,512,319,6,4,14.0,14.828427076339722,0.8001063703614795,1.5,0.5833333333333334,1.0,193.5,Plastic
2026-02-20T19:39:17.952766,37,543,318,20,18,234.0,70.28427076339722,0.5952637488434329,1.1111111111111112,0.65,0.8387096774193549,187.05833333333334,Other
2026-02-20T19:39:17.952906,37,229,314,7,8,27.5,21.899494647979736,0.7205670045296907,0.875,0.49107142857142855,0.9016393442622951,197.14285714285714,Plastic
2026-02-20T19:39:17.953049,37,487,308,6,11,35.0,27.656854152679443,0.5750059642569657,0.5454545454545454,0.5303030303030303,0.8433734939759037,187.84848484848484,Plastic
2026-02-20T19:39:17.953208,37,543,307,5,3,8.0,12.0,0.6981317007977318,1.6666666666666667,0.5333333333333333,1.0,193.8,Plastic
2026-02-20T19:39:17.953356,37,381,289,16,44,355.5,108.5269113779068,0.3792927857001305,0.36363636363636365,0.5049715909090909,0.7882483370288248,183.60085227272728,Other
2026-02-20T19:39:17.953497,37,461,153,5,4,11.0,12.828427076339722,0.8399544390775809,1.25,0.55,1.0,183.7,Plastic
2026-02-20T19:39:17.953631,37,134,152,4,12,28.0,26.82842707633972,0.48885208634216165,0.3333333333333333,0.5833333333333334,0.9333333333333333,191.72916666666666,Plastic
2026-02-20T19:39:17.953847,37,196,143,3,6,10.0,14.0,0.641141357875468,0.5,0.5555555555555556,1.0,185.38888888888889,Plastic
2026-02-20T19:39:17.953993,37,74,139,4,12,30.0,26.82842707633972,0.5237700925094588,0.3333333333333333,0.625,0.967741935483871,220.875,Plastic
2026-02-20T19:39:17.954126,37,134,138,5,9,31.0,22.82842707633972,0.7475144293459665,0.5555555555555556,0.6888888888888889,1.0,193.2,Plastic
2026-02-20T19:39:17.954346,37,127,117,3,7,12.0,16.0,0.5890486225480862,0.42857142857142855,0.5714285714285714,1.0,200.33333333333334,Plastic
2026-02-20T19:39:17.954485,37,519,116,10,8,43.0,27.313708305358887,0.7242974987522812,1.25,0.5375,0.9247311827956989,192.45,Plastic
2026-02-20T19:39:17.954620,37,112,115,5,6,14.0,16.82842707633972,0.621227753136617,0.8333333333333334,0.4666666666666667,0.8484848484848485,183.5,Plastic
2026-02-20T19:39:17.954904,37,595,107,8,6,16.0,21.656854152679443,0.4286858050439314,1.3333333333333333,0.3333333333333333,0.7111111111111111,182.95833333333334,Other
2026-02-20T19:39:17.955292,37,72,104,4,14,38.5,31.41421353816986,0.49025068648648956,0.2857142857142857,0.6875,1.0,209.53571428571428,Plastic
2026-02-20T19:39:17.955526,37,203,90,3,5,8.0,12.0,0.6981317007977318,0.6,0.5333333333333333,1.0,196.26666666666668,Plastic
2026-02-20T19:39:17.955803,37,100,85,6,22,67.5,49.071067690849304,0.3522594250221263,0.2727272727272727,0.5113636363636364,0.8132530120481928,202.6969696969697,Other
2026-02-20T19:39:17.956133,37,202,80,3,4,6.0,10.0,0.7539822368615503,0.75,0.5,1.0,195.0,Plastic
2026-02-20T19:39:17.956298,37,113,80,5,23,66.0,49.65685415267944,0.3363530684613822,0.21739130434782608,0.5739130434782609,0.8918918918918919,193.40869565217392,Other
2026-02-20T19:39:17.956451,37,132,79,3,6,10.0,14.0,0.641141357875468,0.5,0.5555555555555556,1.0,189.22222222222223,Plastic
2026-02-20T19:39:17.956594,37,154,69,4,4,8.5,11.41421353816986,0.8198545354117053,1.0,0.53125,1.0,199.3125,Plastic
2026-02-20T19:39:17.956780,37,85,60,5,20,52.0,43.65685415267944,0.34285329835695183,0.25,0.52,0.8524590163934426,201.72,Other
2026-02-20T19:39:17.956952,37,190,57,6,12,42.0,28.485281109809875,0.6504563159181148,0.5,0.5833333333333334,0.9655172413793104,198.13888888888889,Plastic
2026-02-20T19:39:17.957100,37,509,0,5,5,13.0,14.828427076339722,0.7429559153356595,1.0,0.52,0.9285714285714286,196.68,Plastic
2026-02-20T19:39:17.957282,37,481,0,15,15,75.0,48.97056245803833,0.3930075947145911,1.0,0.3333333333333333,0.7109004739336493,175.90666666666667,Other
2026-02-20T19:39:17.957487,37,459,0,10,8,48.0,28.485281229019165,0.7433786405415648,1.25,0.6,0.9142857142857143,194.725,Plastic
2026-02-20T19:39:17.982865,38,384,395,13,3,24.0,28.0,0.38468481472528077,4.333333333333333,0.6153846153846154,1.0,191.74358974358975,Other
2026-02-20T19:39:17.983117,38,514,353,3,5,8.0,12.0,0.6981317007977318,0.6,0.5333333333333333,1.0,195.26666666666668,Plastic
2026-02-20T19:39:17.983406,38,539,347,9,13,76.0,36.485281229019165,0.7174440860287231,0.6923076923076923,0.6495726495726496,0.9212121212121213,191.54700854700855,Plastic
2026-02-20T19:39:17.983702,38,550,346,10,13,69.5,36.72792184352875,0.6474436227001856,0.7692307692307693,0.5346153846153846,0.86875,185.65384615384616,Plastic
2026-02-20T19:39:17.983918,38,515,345,3,4,6.0,10.0,0.7539822368615503,0.75,0.5,1.0,199.33333333333334,Plastic
2026-02-20T19:39:17.984147,38,505,336,5,5,15.5,15.41421353816986,0.8197828337686409,1.0,0.62,1.0,189.16,Plastic
2026-02-20T19:39:17.984327,38,591,332,9,7,26.5,25.071067690849304,0.5297977127555402,1.2857142857142858,0.42063492063492064,0.7681159420289855,181.42857142857142,Plastic
2026-02-20T19:39:17.984507,38,506,329,7,5,19.5,18.242640614509583,0.7363241935557948,1.4,0.5571428571428572,0.9285714285714286,190.94285714285715,Plastic
2026-02-20T19:39:17.984660,38,486,329,4,3,6.0,10.0,0.7539822368615503,1.3333333333333333,0.5,1.0,189.5,Plastic
2026-02-20T19:39:17.984836,38,513,318,5,4,11.5,13.41421353816986,0.8031141418478369,1.25,0.575,1.0,194.85,Plastic
2026-02-20T19:39:17.985020,38,543,317,20,19,239.0,73.11269772052765,0.5618522796169272,1.0526315789473684,0.6289473684210526,0.8269896193771626,185.73157894736843,Other
2026-02-20T19:39:17.985205,38,230,313,6,8,28.0,21.656854152679443,0.75020015882688,0.75,0.5833333333333334,0.9333333333333333,202.08333333333334,Plastic
2026-02-20T19:39:17.985405,38,487,307,6,10,27.0,27.656854152679443,0.44357602956965925,0.6,0.45,0.72,187.25,Other
2026-02-20T19:39:17.985655,38,380,288,17,45,360.0,110.7695517539978,0.3686986676660849,0.37777777777777777,0.47058823529411764,0.7717041800643086,182.04575163398692,Other
2026-02-20T19:39:17.985855,38,618,159,7,7,28.5,21.071067690849304,0.8066435016779822,1.0,0.5816326530612245,0.95,183.6122448979592,Plastic
2026-02-20T19:39:17.986049,38,134,151,4,12,28.0,26.82842707633972,0.48885208634216165,0.3333333333333333,0.5833333333333334,0.9333333333333333,191.35416666666666,Plastic
2026-02-20T19:39:17.986235,38,74,138,4,12,30.0,26.82842707633972,0.5237700925094588,0.3333333333333333,0.625,0.967741935483871,220.33333333333334,Plastic
2026-02-20T19:39:17.986414,38,134,137,5,10,28.0,23.656854152679443,0.6287151282613187,0.5,0.56,0.9032258064516129,188.86,Plastic
2026-02-20T19:39:17.986593,38,520,115,9,8,42.0,26.485281229019165,0.752402061635402,1.125,0.5833333333333334,0.9333333333333333,194.65277777777777,Plastic
2026-02-20T19:39:17.986768,38,127,115,3,8,14.0,18.0,0.5429913228426803,0.375,0.5833333333333334,1.0,198.95833333333334,Plastic
2026-02-20T19:39:17.986944,38,596,106,8,8,32.0,25.656854033470154,0.6108759613694049,1.0,0.5,0.8421052631578947,182.125,Plastic
2026-02-20T19:39:17.987122,38,72,103,4,14,38.0,30.82842707633972,0.5024475432775541,0.2857142857142857,0.6785714285714286,1.0,210.57142857142858,Plastic
2026-02-20T19:39:17.987300,38,203,88,3,6,10.0,14.0,0.641141357875468,0.5,0.5555555555555556,1.0,197.38888888888889,Plastic
2026-02-20T19:39:17.987524,38,100,84,6,22,69.5,49.071067690849304,0.36269674131907825,0.2727272727272727,0.5265151515151515,0.8323353293413174,202.45454545454547,Other
2026-02-20T19:39:17.987769,38,113,79,5,24,69.5,52.24264061450958,0.3199959103765783,0.20833333333333334,0.5791666666666667,0.86875,193.1,Other
2026-02-20T19:39:17.987959,38,202,78,3,5,8.0,12.0,0.6981317007977318,0.6,0.5333333333333333,1.0,190.8,Plastic
2026-02-20T19:39:17.988089,38,132,78,3,7,12.0,16.0,0.5890486225480862,0.42857142857142855,0.5714285714285714,1.0,188.47619047619048,Plastic
2026-02-20T19:39:17.988215,38,154,68,4,3,6.0,10.0,0.7539822368615503,1.3333333333333333,0.5,1.0,196.0,Plastic
2026-02-20T19:39:17.988372,38,131,68,3,4,6.0,10.0,0.7539822368615503,0.75,0.5,1.0,201.08333333333334,Plastic
2026-02-20T19:39:17.988536,38,85,59,5,20,51.0,43.65685415267944,0.33625996569624117,0.25,0.51,0.85,202.34,Other
2026-02-20T19:39:17.988680,38,190,56,6,11,38.5,27.071067571640015,0.6601761455819156,0.5454545454545454,0.5833333333333334,0.9506172839506173,198.66666666666666,Plastic
2026-02-20T19:39:17.988847,38,257,22,8,4,12.0,18.82842707633972,0.42536625024042357,2.0,0.375,0.75,188.09375,Other
2026-02-20T19:39:17.989021,38,271,3,176,22,479.0,369.7401144504547,0.044030359843691885,8.0,0.12370867768595041,0.6241042345276873,157.46978305785123,Other
2026-02-20T19:39:17.989190,38,510,0,4,3,6.0,10.0,0.7539822368615503,1.3333333333333333,0.5,1.0,208.91666666666666,Plastic
2026-02-20T19:39:17.989471,38,482,0,13,14,64.0,44.14213538169861,0.41274627381142054,0.9285714285714286,0.3516483516483517,0.7272727272727273,178.15934065934067,Other
2026-02-20T19:39:17.989619,38,460,0,9,7,40.5,26.242640614509583,0.7390091597699838,1.2857142857142858,0.6428571428571429,0.9529411764705882,197.1904761904762,Plastic
2026-02-20T19:39:18.017635,39,381,394,4,3,6.0,10.0,0.7539822368615503,1.3333333333333333,0.5,1.0,197.91666666666666,Plastic
2026-02-20T19:39:18.017901,39,514,353,3,4,6.0,10.0,0.7539822368615503,0.75,0.5,1.0,197.83333333333334,Plastic
2026-02-20T19:39:18.018113,39,582,349,3,4,6.0,10.0,0.7539822368615503,0.75,0.5,1.0,193.83333333333334,Plastic
2026-02-20T19:39:18.018358,39,539,347,9,12,73.0,35.65685415267944,0.7215171772658361,0.75,0.6759259259259259,0.9240506329113924,195.14814814814815,Plastic
2026-02-20T19:39:18.018649,39,550,345,10,13,70.5,36.72792184352875,0.6567593582786055,0.7692307692307693,0.5423076923076923,0.88125,185.5,Plastic
2026-02-20T19:39:18.018890,39,514,344,4,5,10.5,13.41421353816986,0.7332781295132426,0.8,0.525,0.9545454545454546,200.3,Plastic
2026-02-20T19:39:18.019039,39,505,335,5,6,18.5,17.41421353816986,0.7666089075928101,0.8333333333333334,0.6166666666666667,0.9736842105263158,187.8,Plastic
2026-02-20T19:39:18.019318,39,594,332,7,5,19.5,18.242640614509583,0.7363241935557948,1.4,0.5571428571428572,0.9285714285714286,182.0,Plastic
2026-02-20T19:39:18.019459,39,506,328,7,5,20.0,18.82842707633972,0.708943750400706,1.4,0.5714285714285714,0.9302325581395349,191.11428571428573,Plastic
2026-02-20T19:39:18.019663,39,486,328,4,4,8.5,11.41421353816986,0.8198545354117053,1.0,0.53125,1.0,186.375,Plastic
2026-02-20T19:39:18.019824,39,512,318,6,3,10.0,14.0,0.641141357875468,2.0,0.5555555555555556,1.0,203.11111111111111,Plastic
2026-02-20T19:39:18.019971,39,543,316,20,20,242.5,71.69848430156708,0.5927910763399992,1.0,0.60625,0.8347676419965576,185.155,Other
2026-02-20T19:39:18.020089,39,487,313,5,4,12.0,14.0,0.7693696294505615,1.25,0.6,1.0,190.05,Plastic
2026-02-20T19:39:18.020222,39,229,312,6,8,23.5,21.071067690849304,0.6651270978748275,0.75,0.4895833333333333,0.8703703703703703,206.45833333333334,Plastic
2026-02-20T19:39:18.020356,39,488,307,5,3,8.0,12.0,0.6981317007977318,1.6666666666666667,0.5333333333333333,1.0,205.26666666666668,Plastic
2026-02-20T19:39:18.020485,39,543,305,4,3,6.0,10.0,0.7539822368615503,1.3333333333333333,0.5,1.0,190.91666666666666,Plastic
2026-02-20T19:39:18.020626,39,379,287,17,45,365.0,111.11269783973694,0.37151413627969565,0.37777777777777777,0.477124183006536,0.7807486631016043,182.04444444444445,Other
2026-02-20T19:39:18.020764,39,544,187,4,4,8.5,11.41421353816986,0.8198545354117053,1.0,0.53125,1.0,182.625,Plastic
2026-02-20T19:39:18.020895,39,628,158,5,5,14.0,14.828427076339722,0.8001063703614795,1.0,0.56,0.9655172413793104,182.0,Plastic
2026-02-20T19:39:18.021026,39,461,152,4,4,8.5,11.41421353816986,0.8198545354117053,1.0,0.53125,1.0,184.125,Plastic
2026-02-20T19:39:18.021157,39,134,150,4,13,30.0,28.82842707633972,0.45361689783201314,0.3076923076923077,0.5769230769230769,0.9230769230769231,190.8846153846154,Plastic
2026-02-20T19:39:18.021294,39,74,137,4,13,32.0,28.82842707633972,0.4838580243541474,0.3076923076923077,0.6153846153846154,0.9552238805970149,216.5,Plastic
2026-02-20T19:39:18.021427,39,134,135,5,11,31.0,25.656854152679443,0.5917860820773866,0.45454545454545453,0.5636363636363636,0.8985507246376812,188.72727272727272,Plastic
2026-02-20T19:39:18.021561,39,520,114,9,8,43.5,27.071067690849304,0.7459133007764406,1.125,0.6041666666666666,0.9456521739130435,195.88888888888889,Plastic
2026-02-20T19:39:18.021691,39,127,114,3,8,14.0,18.0,0.5429913228426803,0.375,0.5833333333333334,1.0,198.91666666666666,Plastic
2026-02-20T19:39:18.021863,39,596,106,7,5,14.0,17.656854152679443,0.5643015462265515,1.4,0.4,0.8235294117647058,182.42857142857142,Plastic
2026-02-20T19:39:18.022012,39,72,102,4,14,37.0,30.82842707633972,0.48922523950709224,0.2857142857142857,0.6607142857142857,0.9866666666666667,209.07142857142858,Plastic
2026-02-20T19:39:18.022147,39,203,88,3,5,8.0,12.0,0.6981317007977318,0.6,0.5333333333333333,1.0,197.66666666666666,Plastic
2026-02-20T19:39:18.022298,39,100,83,5,23,66.0,49.65685415267944,0.3363530684613822,0.21739130434782608,0.5739130434782609,0.868421052631579,207.7913043478261,Other
2026-02-20T19:39:18.022414,39,202,77,3,4,6.0,10.0,0.7539822368615503,0.75,0.5,1.0,191.5,Plastic
2026-02-20T19:39:18.022542,39,113,77,5,27,76.0,57.65685415267944,0.287290701960275,0.18518518518518517,0.562962962962963,0.8539325842696629,191.24444444444444,Other
2026-02-20T19:39:18.022657,39,131,67,3,4,6.0,10.0,0.7539822368615503,0.75,0.5,1.0,198.0,Plastic
2026-02-20T19:39:18.022785,39,85,58,5,21,55.0,45.65685415267944,0.331558819467969,0.23809523809523808,0.5238095238095238,0.859375,200.9142857142857,Other
2026-02-20T19:39:18.022899,39,453,55,4,4,9.0,12.0,0.7853981633974483,1.0,0.5625,1.0,185.1875,Plastic
2026-02-20T19:39:18.023028,39,190,55,7,12,43.5,29.899494647979736,0.6114647487883197,0.5833333333333334,0.5178571428571429,0.9157894736842105,193.98809523809524,Plastic
2026-02-20T19:39:18.023171,39,482,0,10,13,57.5,36.72792184352875,0.5356547957591464,0.7692307692307693,0.4423076923076923,0.8455882352941176,183.74615384615385,Plastic
2026-02-20T19:39:18.023305,39,460,0,15,6,40.0,35.65685415267944,0.3953518779538828,2.5,0.4444444444444444,0.7766990291262136,187.01111111111112,Other
2026-02-20T19:39:18.047687,40,514,353,3,4,6.0,10.0,0.7539822368615503,0.75,0.5,1.0,197.58333333333334,Plastic
2026-02-20T19:39:18.047846,40,582,349,3,4,6.0,10.0,0.7539822368615503,0.75,0.5,1.0,195.5,Plastic
2026-02-20T19:39:18.047993,40,539,347,9,12,73.5,35.071067690849304,0.7509296074891203,0.75,0.6805555555555556,0.9363057324840764,195.2685185185185,Plastic
2026-02-20T19:39:18.048138,40,514,344,4,5,11.0,12.828427076339722,0.8399544390775809,0.8,0.55,1.0,202.65,Plastic
2026-02-20T19:39:18.048277,40,504,335,6,6,21.0,17.656854152679443,0.8464523193398272,1.0,0.5833333333333334,0.9545454545454546,189.19444444444446,Plastic
2026-02-20T19:39:18.048412,40,593,331,10,6,36.0,25.656854152679443,0.6872354501543845,1.6666666666666667,0.6,0.9113924050632911,182.16666666666666,Plastic
2026-02-20T19:39:18.048549,40,506,328,8,5,23.5,20.242640614509583,0.7206815381112576,1.6,0.5875,0.94,192.125,Plastic
2026-02-20T19:39:18.048681,40,486,328,4,4,8.5,11.41421353816986,0.8198545354117053,1.0,0.53125,1.0,189.0625,Plastic
2026-02-20T19:39:18.048797,40,513,318,4,3,6.0,10.0,0.7539822368615503,1.3333333333333333,0.5,1.0,204.25,Plastic
2026-02-20T19:39:18.048940,40,543,316,20,42,336.0,128.9116872549057,0.25407653382951434,0.47619047619047616,0.4,0.5709430756159728,180.10119047619048,Other
2026-02-20T19:39:18.049098,40,229,312,7,9,28.0,24.485281109809875,0.5868913471551465,0.7777777777777778,0.4444444444444444,0.8115942028985508,194.73015873015873,Plastic
2026-02-20T19:39:18.049241,40,486,307,7,10,34.0,31.656854152679443,0.42633724093330577,0.7,0.4857142857142857,0.723404255319149,188.7,Other
2026-02-20T19:39:18.049356,40,543,305,4,3,6.0,10.0,0.7539822368615503,1.3333333333333333,0.5,1.0,194.75,Plastic
2026-02-20T19:39:18.049496,40,378,289,17,43,370.5,106.5269113779068,0.4102791108427683,0.3953488372093023,0.5068399452804377,0.7976318622174381,183.5403556771546,Other
2026-02-20T19:39:18.049615,40,545,186,3,4,6.0,10.0,0.7539822368615503,0.75,0.5,1.0,181.33333333333334,Plastic
2026-02-20T19:39:18.049725,40,628,159,4,4,9.0,12.0,0.7853981633974483,1.0,0.5625,1.0,183.375,Plastic
2026-02-20T19:39:18.049857,40,460,152,4,4,8.0,10.828427076339722,0.8573716100878628,1.0,0.5,1.0,184.875,Plastic
2026-02-20T19:39:18.049988,40,134,150,4,13,30.0,28.82842707633972,0.45361689783201314,0.3076923076923077,0.5769230769230769,0.9230769230769231,190.1346153846154,Plastic
2026-02-20T19:39:18.050122,40,205,146,4,7,15.0,16.82842707633972,0.6656011640749468,0.5714285714285714,0.5357142857142857,0.9375,192.64285714285714,Plastic
2026-02-20T19:39:18.050237,40,196,143,3,10,18.0,22.0,0.4673443616910436,0.3,0.6,1.0,185.0,Plastic
2026-02-20T19:39:18.050361,40,629,142,5,7,16.0,17.656854152679443,0.6449160528303446,0.7142857142857143,0.45714285714285713,0.8648648648648649,181.8,Plastic
2026-02-20T19:39:18.050495,40,73,137,5,13,36.5,30.242640614509583,0.5014911938993607,0.38461538461538464,0.5615384615384615,0.9125,204.47692307692307,Plastic
2026-02-20T19:39:18.050629,40,134,135,5,10,29.0,23.656854152679443,0.6511692399849373,0.5,0.58,0.9354838709677419,190.98,Plastic
2026-02-20T19:39:18.050762,40,111,119,5,6,14.5,17.41421353816986,0.6008556302754458,0.8333333333333334,0.48333333333333334,0.8529411764705882,187.26666666666668,Plastic
2026-02-20T19:39:18.050897,40,520,114,9,8,42.0,26.485281229019165,0.752402061635402,1.125,0.5833333333333334,0.9230769230769231,195.25,Plastic
2026-02-20T19:39:18.051026,40,126,114,4,7,16.0,16.82842707633972,0.7099745750132767,0.5714285714285714,0.5714285714285714,0.9696969696969697,190.71428571428572,Plastic
2026-02-20T19:39:18.051163,40,105,109,3,4,6.0,10.0,0.7539822368615503,0.75,0.5,1.0,192.41666666666666,Plastic
2026-02-20T19:39:18.051295,40,599,105,5,4,11.0,12.828427076339722,0.8399544390775809,1.25,0.55,1.0,184.65,Plastic
2026-02-20T19:39:18.051424,40,72,101,4,17,41.0,36.82842707633972,0.37986333713457854,0.23529411764705882,0.6029411764705882,0.9318181818181818,208.38235294117646,Other
2026-02-20T19:39:18.051556,40,203,88,3,6,10.0,14.0,0.641141357875468,0.5,0.5555555555555556,1.0,195.55555555555554,Plastic
2026-02-20T19:39:18.051803,40,100,84,5,22,72.0,47.65685415267944,0.3983745798352534,0.22727272727272727,0.6545454545454545,0.935064935064935,211.1818181818182,Other
2026-02-20T19:39:18.051944,40,113,78,5,24,65.5,53.071067690849304,0.29223721080266396,0.20833333333333334,0.5458333333333333,0.81875,192.58333333333334,Other
2026-02-20T19:39:18.052060,40,202,77,3,4,6.0,10.0,0.7539822368615503,0.75,0.5,1.0,192.5,Plastic
2026-02-20T19:39:18.052170,40,132,77,3,4,6.0,10.0,0.7539822368615503,0.75,0.5,1.0,189.41666666666666,Plastic
2026-02-20T19:39:18.052279,40,130,67,4,3,6.0,10.0,0.7539822368615503,1.3333333333333333,0.5,1.0,199.33333333333334,Plastic
2026-02-20T19:39:18.052434,40,154,66,4,4,8.5,11.41421353816986,0.8198545354117053,1.0,0.53125,1.0,195.5625,Plastic
2026-02-20T19:39:18.052564,40,85,58,5,19,47.5,42.24264061450958,0.334504031899824,0.2631578947368421,0.5,0.8260869565217391,202.1578947368421,Other
2026-02-20T19:39:18.052697,40,189,54,7,12,41.5,29.899494767189026,0.5833514223533044,0.5833333333333334,0.49404761904761907,0.8736842105263158,193.95238095238096,Plastic
2026-02-20T19:39:18.052827,40,245,22,5,3,8.0,12.0,0.6981317007977318,1.6666666666666667,0.5333333333333333,1.0,188.53333333333333,Plastic
2026-02-20T19:39:18.052965,40,482,0,9,12,52.0,33.31370830535889,0.5887992527663789,0.75,0.48148148148148145,0.8813559322033898,186.87037037037038,Plastic
2026-02-20T19:39:18.053155,40,460,0,9,5,27.0,22.82842707633972,0.6510609545916481,1.8,0.6,0.9310344827586207,202.22222222222223,Plastic
2026-02-20T19:39:18.053292,40,188,0,5,3,7.5,11.41421353816986,0.7234010606573869,1.6666666666666667,0.5,1.0,182.93333333333334,Plastic
2026-02-20T19:39:18.078285,41,381,395,13,3,24.0,28.0,0.38468481472528077,4.333333333333333,0.6153846153846154,1.0,198.02564102564102,Other
2026-02-20T19:39:18.078446,41,513,354,4,3,6.0,10.0,0.7539822368615503,1.3333333333333333,0.5,1.0,196.75,Plastic
2026-02-20T19:39:18.078577,41,580,350,4,3,6.0,10.0,0.7539822368615503,1.3333333333333333,0.5,1.0,199.66666666666666,Plastic
2026-02-20T19:39:18.078721,41,539,347,9,12,73.0,35.65685415267944,0.7215171772658361,0.75,0.6759259259259259,0.9299363057324841,193.82407407407408,Plastic
2026-02-20T19:39:18.078877,41,550,346,9,12,67.0,34.485281229019165,0.7079736966784294,0.75,0.6203703703703703,0.9241379310344827,189.30555555555554,Plastic
2026-02-20T19:39:18.079040,41,514,344,4,5,11.5,13.41421353816986,0.8031141418478369,0.8,0.575,1.0,201.0,Plastic
2026-02-20T19:39:18.079179,41,555,338,4,5,10.5,13.41421353816986,0.7332781295132426,0.8,0.525,0.9545454545454546,184.05,Plastic
2026-02-20T19:39:18.079302,41,504,336,5,5,15.0,14.828427076339722,0.8572568253872993,1.0,0.6,1.0,190.0,Plastic
2026-02-20T19:39:18.079435,41,593,331,11,6,41.5,28.242640614509583,0.6538036809250956,1.8333333333333333,0.6287878787878788,0.9325842696629213,181.93939393939394,Plastic
2026-02-20T19:39:18.079572,41,506,329,7,4,17.5,17.41421353816986,0.7251705882634689,1.75,0.625,1.0,193.60714285714286,Plastic
2026-02-20T19:39:18.079688,41,513,319,4,3,6.0,10.0,0.7539822368615503,1.3333333333333333,0.5,1.0,196.5,Plastic
2026-02-20T19:39:18.079841,41,554,318,9,17,100.5,44.38477599620819,0.6410735533197568,0.5294117647058824,0.6568627450980392,0.8973214285714286,193.6143790849673,Plastic
2026-02-20T19:39:18.079984,41,543,317,8,16,91.5,39.899494767189026,0.7222643268434626,0.5,0.71484375,0.9682539682539683,195.3828125,Plastic
2026-02-20T19:39:18.080100,41,487,314,4,3,6.0,10.0,0.7539822368615503,1.3333333333333333,0.5,1.0,194.83333333333334,Plastic
2026-02-20T19:39:18.080233,41,229,314,6,10,31.0,24.485281109809875,0.6497725629217692,0.6,0.5166666666666667,0.8985507246376812,199.76666666666668,Plastic
2026-02-20T19:39:18.080365,41,487,308,5,3,8.0,12.0,0.6981317007977318,1.6666666666666667,0.5333333333333333,1.0,204.6,Plastic
2026-02-20T19:39:18.080509,41,377,289,17,44,370.5,109.35533845424652,0.38933020479503233,0.38636363636363635,0.49532085561497324,0.7824709609292503,182.31283422459893,Other
2026-02-20T19:39:18.080648,41,455,143,5,6,15.5,16.242640614509583,0.7382922197978818,0.8333333333333334,0.5166666666666667,0.9393939393939394,184.83333333333334,Plastic
2026-02-20T19:39:18.080768,41,195,143,4,3,6.0,10.0,0.7539822368615503,1.3333333333333333,0.5,1.0,184.83333333333334,Plastic
2026-02-20T19:39:18.080899,41,73,138,4,12,30.5,27.41421353816986,0.509985843372166,0.3333333333333333,0.6354166666666666,0.9682539682539683,215.14583333333334,Plastic
2026-02-20T19:39:18.081036,41,133,137,5,23,56.5,51.071067690849304,0.2722127338588143,0.21739130434782608,0.49130434782608695,0.738562091503268,187.0782608695652,Other
2026-02-20T19:39:18.081178,41,519,115,9,7,36.0,24.485281229019165,0.754574581852015,1.2857142857142858,0.5714285714285714,0.935064935064935,197.20634920634922,Plastic
2026-02-20T19:39:18.081313,41,113,109,3,14,26.0,30.0,0.36302848441482055,0.21428571428571427,0.6190476190476191,1.0,186.21428571428572,Other
2026-02-20T19:39:18.081448,41,596,105,7,6,16.5,20.242640614509583,0.506010441652585,1.1666666666666667,0.39285714285714285,0.7674418604651163,183.0,Plastic
2026-02-20T19:39:18.081598,41,72,99,3,21,40.0,44.0,0.25963575649502424,0.14285714285714285,0.6349206349206349,1.0,215.6984126984127,Other
2026-02-20T19:39:18.081713,41,202,88,3,4,6.0,10.0,0.7539822368615503,0.75,0.5,1.0,193.83333333333334,Plastic
2026-02-20T19:39:18.082048,41,100,85,5,22,71.0,47.65685415267944,0.3928415995597638,0.22727272727272727,0.6454545454545455,0.9530201342281879,209.92727272727274,Other
2026-02-20T19:39:18.082301,41,112,80,5,24,72.0,51.65685415267944,0.33906772418690423,0.20833333333333334,0.6,0.8888888888888888,193.0,Other
2026-02-20T19:39:18.082485,41,131,78,4,3,6.0,10.0,0.7539822368615503,1.3333333333333333,0.5,1.0,187.75,Plastic
2026-02-20T19:39:18.082654,41,153,67,4,4,8.5,11.41421353816986,0.8198545354117053,1.0,0.53125,1.0,193.9375,Plastic
2026-02-20T19:39:18.082817,41,130,67,3,5,8.0,12.0,0.6981317007977318,0.6,0.5333333333333333,1.0,196.06666666666666,Plastic
2026-02-20T19:39:18.082982,41,84,59,5,19,53.0,41.65685415267944,0.3838069141433131,0.2631578947368421,0.5578947368421052,0.8760330578512396,200.55789473684212,Other
2026-02-20T19:39:18.083153,41,188,56,7,11,46.5,29.071067690849304,0.6914182716768805,0.6363636363636364,0.6038961038961039,0.9207920792079208,201.6103896103896,Plastic
2026-02-20T19:39:18.083372,41,481,0,10,13,54.0,36.14213538169861,0.5194885827536624,0.7692307692307693,0.4153846153846154,0.84375,182.85384615384615,Plastic
2026-02-20T19:39:18.083538,41,459,0,14,5,39.0,31.656854033470154,0.4890338976948143,2.8,0.5571428571428572,0.9069767441860465,193.85714285714286,Plastic
2026-02-20T19:39:18.083757,41,188,0,5,3,7.5,11.41421353816986,0.7234010606573869,1.6666666666666667,0.5,1.0,182.2,Plastic
2026-02-20T19:39:18.128622,42,379,396,13,3,24.0,28.0,0.38468481472528077,4.333333333333333,0.6153846153846154,1.0,194.74358974358975,Other
2026-02-20T19:39:18.128803,42,580,350,4,5,11.0,12.828427076339722,0.8399544390775809,0.8,0.55,1.0,196.55,Plastic
2026-02-20T19:39:18.128954,42,538,348,10,14,85.5,39.899494767189026,0.6749027316406127,0.7142857142857143,0.6107142857142858,0.890625,188.25,Plastic
2026-02-20T19:39:18.129099,42,514,346,4,5,10.5,13.41421353816986,0.7332781295132426,0.8,0.525,0.9545454545454546,194.7,Plastic
2026-02-20T19:39:18.129249,42,549,339,10,21,93.0,53.79898953437805,0.4037797874977726,0.47619047619047616,0.44285714285714284,0.788135593220339,179.43809523809523,Other
2026-02-20T19:39:18.129434,42,593,332,11,5,30.0,27.656854152679443,0.49286225507739917,2.2,0.5454545454545454,0.8333333333333334,182.36363636363637,Plastic
2026-02-20T19:39:18.129576,42,503,330,9,12,41.5,36.72792184352875,0.3866030265044274,0.75,0.38425925925925924,0.6434108527131783,182.2037037037037,Other
2026-02-20T19:39:18.129695,42,518,325,3,4,6.0,10.0,0.7539822368615503,0.75,0.5,1.0,194.5,Plastic
2026-02-20T19:39:18.129823,42,511,321,5,3,8.0,12.0,0.6981317007977318,1.6666666666666667,0.5333333333333333,1.0,193.4,Plastic
2026-02-20T19:39:18.129964,42,542,318,20,18,206.5,90.5269113779068,0.31664636988255623,1.1111111111111112,0.5736111111111111,0.7071917808219178,187.16944444444445,Other
2026-02-20T19:39:18.130251,42,228,318,7,9,32.0,24.485281229019165,0.6707329616462355,0.7777777777777778,0.5079365079365079,0.8767123287671232,195.63492063492063,Plastic
2026-02-20T19:39:18.130425,42,485,316,5,4,10.5,13.41421353816986,0.7332781295132426,1.25,0.525,0.9545454545454546,193.35,Plastic
2026-02-20T19:39:18.130563,42,486,310,5,3,8.0,12.0,0.6981317007977318,1.6666666666666667,0.5333333333333333,1.0,200.6,Plastic
2026-02-20T19:39:18.130710,42,376,290,17,44,370.0,109.94112479686737,0.38467258535362214,0.38636363636363635,0.4946524064171123,0.7914438502673797,181.17780748663102,Other
2026-02-20T19:39:18.130850,42,520,183,4,4,8.5,11.41421353816986,0.8198545354117053,1.0,0.53125,1.0,192.375,Plastic
2026-02-20T19:39:18.130987,42,133,153,4,9,19.0,20.82842707633972,0.550364631601732,0.4444444444444444,0.5277777777777778,0.9047619047619048,189.19444444444446,Plastic
2026-02-20T19:39:18.131103,42,140,149,5,4,12.0,14.0,0.7693696294505615,1.25,0.6,1.0,184.55,Plastic
2026-02-20T19:39:18.131233,42,454,147,4,4,8.5,11.41421353816986,0.8198545354117053,1.0,0.53125,1.0,185.3125,Plastic
2026-02-20T19:39:18.131365,42,72,142,5,11,30.0,25.656854152679443,0.572696208461987,0.45454545454545453,0.5454545454545454,0.8955223880597015,200.6909090909091,Plastic
2026-02-20T19:39:18.131499,42,132,140,5,9,26.0,21.656854152679443,0.6966144331963886,0.5555555555555556,0.5777777777777777,0.9285714285714286,192.24444444444444,Plastic
2026-02-20T19:39:18.131661,42,517,117,9,7,40.5,25.071067690849304,0.809690844022618,1.2857142857142858,0.6428571428571429,0.9759036144578314,196.96825396825398,Plastic
2026-02-20T19:39:18.131794,42,112,112,3,6,10.0,14.0,0.641141357875468,0.5,0.5555555555555556,1.0,187.33333333333334,Plastic
2026-02-20T19:39:18.131926,42,595,105,9,6,22.0,22.485281229019165,0.5468093062649478,1.5,0.4074074074074074,0.8301886792452831,182.07407407407408,Plastic
2026-02-20T19:39:18.132203,42,71,104,3,18,34.0,38.0,0.29588407263726585,0.16666666666666666,0.6296296296296297,1.0,215.0,Other
2026-02-20T19:39:18.132470,42,99,86,6,25,85.0,54.485281229019165,0.35980765263952996,0.24,0.5666666666666667,0.8900523560209425,201.03333333333333,Other
2026-02-20T19:39:18.132662,42,111,81,5,23,70.0,49.65685415267944,0.35673810291358715,0.21739130434782608,0.6086956521739131,0.9090909090909091,193.82608695652175,Other
2026-02-20T19:39:18.132842,42,84,63,4,16,41.0,34.82842707633972,0.4247427731257461,0.25,0.640625,0.9647058823529412,214.265625,Other
2026-02-20T19:39:18.133020,42,186,58,8,14,59.0,35.31370830535889,0.5945319862029739,0.5714285714285714,0.5267857142857143,0.8740740740740741,194.36607142857142,Plastic
2026-02-20T19:39:18.133192,42,259,23,28,5,58.0,59.65685415267944,0.20479396813883333,5.6,0.4142857142857143,0.7682119205298014,182.8,Other
2026-02-20T19:39:18.133494,42,290,5,153,21,468.0,322.911687374115,0.05640117984920223,7.285714285714286,0.14565826330532214,0.6652452025586354,159.5079365079365,Other
2026-02-20T19:39:18.133761,42,507,0,5,4,10.0,12.828427076339722,0.7635949446159828,1.25,0.5,1.0,190.6,Plastic
2026-02-20T19:39:18.133973,42,479,0,13,15,72.5,44.38477575778961,0.4624660011443361,0.8666666666666667,0.3717948717948718,0.7837837837837838,178.58461538461538,Plastic
2026-02-20T19:39:18.134122,42,457,0,13,8,54.0,34.485281229019165,0.5706056659796296,1.625,0.5192307692307693,0.8120300751879699,189.7596153846154,Plastic
2026-02-20T19:39:18.159348,43,379,398,12,3,22.0,26.0,0.40896472413594936,4.0,0.6111111111111112,1.0,198.41666666666666,Other
2026-02-20T19:39:18.159529,43,512,357,4,3,6.0,10.0,0.7539822368615503,1.3333333333333333,0.5,1.0,197.25,Plastic
2026-02-20T19:39:18.159677,43,538,350,9,13,77.5,37.071067690849304,0.7086656423201675,0.6923076923076923,0.6623931623931624,0.9226190476190477,192.06837606837607,Plastic
2026-02-20T19:39:18.159824,43,580,349,4,7,15.5,17.41421353816986,0.6422939496047868,0.5714285714285714,0.5535714285714286,0.9393939393939394,189.64285714285714,Plastic
2026-02-20T19:39:18.159972,43,513,348,4,5,11.5,13.41421353816986,0.8031141418478369,0.8,0.575,1.0,199.35,Plastic
2026-02-20T19:39:18.160106,43,478,344,4,4,8.0,10.828427076339722,0.8573716100878628,1.0,0.5,1.0,198.125,Plastic
2026-02-20T19:39:18.160244,43,549,341,9,20,99.0,50.14213538169861,0.4948110713471555,0.45,0.55,0.868421052631579,181.92777777777778,Plastic
2026-02-20T19:39:18.160377,43,503,339,6,5,18.5,17.41421353816986,0.7666089075928101,1.2,0.6166666666666667,0.9736842105263158,190.73333333333332,Plastic
2026-02-20T19:39:18.160513,43,593,334,9,6,34.0,23.656854152679443,0.7634397986030298,1.5,0.6296296296296297,0.9577464788732394,182.7962962962963,Plastic
2026-02-20T19:39:18.160667,43,504,332,8,5,23.5,20.242640614509583,0.7206815381112576,1.6,0.5875,0.94,191.95,Plastic
2026-02-20T19:39:18.160809,43,511,322,4,3,6.0,10.0,0.7539822368615503,1.3333333333333333,0.5,1.0,198.66666666666666,Plastic
2026-02-20T19:39:18.160982,43,553,321,8,17,96.5,43.55634880065918,0.6391962867365459,0.47058823529411764,0.7095588235294118,0.9278846153846154,193.97058823529412,Plastic
2026-02-20T19:39:18.161119,43,228,320,7,9,33.0,24.485281229019165,0.6916933666976804,0.7777777777777778,0.5238095238095238,0.8918918918918919,195.9047619047619,Plastic
2026-02-20T19:39:18.161255,43,541,319,9,17,98.0,43.31370830535889,0.65642513897352,0.5294117647058824,0.6405228758169934,0.9158878504672897,191.98692810457516,Plastic
2026-02-20T19:39:18.161389,43,485,318,5,3,8.0,12.0,0.6981317007977318,1.6666666666666667,0.5333333333333333,1.0,194.06666666666666,Plastic
2026-02-20T19:39:18.161521,43,477,314,4,5,11.5,13.41421353816986,0.8031141418478369,0.8,0.575,1.0,199.35,Plastic
2026-02-20T19:39:18.161653,43,486,312,6,3,10.0,14.0,0.641141357875468,2.0,0.5555555555555556,1.0,200.94444444444446,Plastic
2026-02-20T19:39:18.161786,43,542,308,4,4,8.5,11.41421353816986,0.8198545354117053,1.0,0.53125,1.0,189.75,Plastic
2026-02-20T19:39:18.161946,43,375,291,16,44,363.0,108.76955187320709,0.3855687349618505,0.36363636363636365,0.515625,0.7986798679867987,182.56107954545453,Other
2026-02-20T19:39:18.162064,43,520,185,3,4,6.0,10.0,0.7539822368615503,0.75,0.5,1.0,195.75,Plastic
2026-02-20T19:39:18.162194,43,612,157,18,10,87.0,46.97056233882904,0.4955387230075528,1.8,0.48333333333333334,0.7699115044247787,181.11111111111111,Plastic
2026-02-20T19:39:18.162329,43,132,155,4,11,27.0,24.82842707633972,0.5503959302095345,0.36363636363636365,0.6136363636363636,0.9642857142857143,186.8409090909091,Plastic
2026-02-20T19:39:18.162445,43,194,150,3,4,6.0,10.0,0.7539822368615503,0.75,0.5,1.0,185.91666666666666,Plastic
2026-02-20T19:39:18.162575,43,72,145,4,12,31.0,26.82842707633972,0.5412290955931075,0.3333333333333333,0.6458333333333334,0.9841269841269841,210.375,Plastic
2026-02-20T19:39:18.162861,43,629,143,4,5,10.5,13.41421353816986,0.7332781295132426,0.8,0.525,0.9545454545454546,181.9,Plastic
2026-02-20T19:39:18.163117,43,132,143,4,9,23.0,20.82842707633972,0.6662308698336755,0.4444444444444444,0.6388888888888888,1.0,196.38888888888889,Plastic
2026-02-20T19:39:18.163306,43,516,118,9,8,44.0,26.485281109809875,0.7882307383326835,1.125,0.6111111111111112,0.9777777777777777,195.91666666666666,Plastic
2026-02-20T19:39:18.163456,43,70,110,4,16,35.0,34.82842707633972,0.36258529413173446,0.25,0.546875,0.8860759493670886,205.25,Other
2026-02-20T19:39:18.163625,43,98,90,5,23,81.5,50.24264061450958,0.4057163964631622,0.21739130434782608,0.7086956521739131,0.9702380952380952,209.38260869565218,Other
2026-02-20T19:39:18.163769,43,110,86,6,24,76.0,52.485281229019165,0.34669565520073314,0.25,0.5277777777777778,0.8539325842696629,188.125,Other
2026-02-20T19:39:18.163906,43,199,85,3,5,8.0,12.0,0.6981317007977318,0.6,0.5333333333333333,1.0,191.93333333333334,Plastic
2026-02-20T19:39:18.164055,43,129,85,4,5,10.5,13.41421353816986,0.7332781295132426,0.8,0.525,0.9545454545454546,185.05,Plastic
2026-02-20T19:39:18.164191,43,83,66,4,18,43.0,38.82842707633972,0.35840884921886385,0.2222222222222222,0.5972222222222222,0.9247311827956989,212.08333333333334,Other
2026-02-20T19:39:18.164329,43,186,63,7,12,47.5,31.071067690849304,0.6182884296812416,0.5833333333333334,0.5654761904761905,0.8878504672897196,196.6547619047619,Plastic
2026-02-20T19:39:18.164606,43,194,14,5,5,12.5,14.242640614509583,0.77435275056413,1.0,0.5,0.9615384615384616,181.88,Plastic
2026-02-20T19:39:18.164756,43,505,0,6,7,17.0,19.656854033470154,0.5528798472293383,0.8571428571428571,0.40476190476190477,0.8095238095238095,182.73809523809524,Plastic
2026-02-20T19:39:18.164898,43,477,0,20,17,98.5,60.041629791259766,0.343353239895838,1.1764705882352942,0.2897058823529412,0.6459016393442623,172.85588235294117,Other
2026-02-20T19:39:18.165062,43,455,0,10,11,60.0,33.3137081861496,0.6793837580541695,0.9090909090909091,0.5454545454545454,0.8571428571428571,192.61818181818182,Plastic
2026-02-20T19:39:18.194269,44,389,398,5,3,8.0,12.0,0.6981317007977318,1.6666666666666667,0.5333333333333333,1.0,196.33333333333334,Plastic
2026-02-20T19:39:18.194430,44,377,398,4,3,6.0,10.0,0.7539822368615503,1.3333333333333333,0.5,1.0,200.66666666666666,Plastic
2026-02-20T19:39:18.194580,44,512,357,4,4,8.5,11.41421353816986,0.8198545354117053,1.0,0.53125,1.0,199.4375,Plastic
2026-02-20T19:39:18.194719,44,579,353,4,4,8.5,11.41421353816986,0.8198545354117053,1.0,0.53125,1.0,198.375,Plastic
2026-02-20T19:39:18.194890,44,538,351,9,12,75.0,36.485281229019165,0.7080040322651873,0.75,0.6944444444444444,0.9259259259259259,194.94444444444446,Plastic
2026-02-20T19:39:18.195043,44,513,348,4,6,14.0,14.828427076339722,0.8001063703614795,0.6666666666666666,0.5833333333333334,1.0,199.54166666666666,Plastic
2026-02-20T19:39:18.195200,44,478,344,4,5,10.0,12.828427076339722,0.7635949446159828,0.8,0.5,0.9523809523809523,198.1,Plastic
2026-02-20T19:39:18.195347,44,549,343,9,19,89.0,48.14213538169861,0.4825576123365621,0.47368421052631576,0.52046783625731,0.839622641509434,182.31578947368422,Plastic
2026-02-20T19:39:18.195505,44,592,334,11,6,32.0,26.485281109809875,0.5732587187874063,1.8333333333333333,0.48484848484848486,0.8648648648648649,182.78787878787878,Plastic
2026-02-20T19:39:18.195645,44,503,333,9,12,40.5,41.071067690849304,0.301712220583999,0.75,0.375,0.5912408759124088,181.75,Other
2026-02-20T19:39:18.195779,44,511,322,5,4,10.5,13.41421353816986,0.7332781295132426,1.25,0.525,0.9545454545454546,194.6,Plastic
2026-02-20T19:39:18.195917,44,553,321,8,17,97.0,44.14213538169861,0.6255685712454342,0.47058823529411764,0.7132352941176471,0.919431279620853,194.00735294117646,Plastic
2026-02-20T19:39:18.196074,44,228,321,7,9,30.0,24.485281229019165,0.6288121515433458,0.7777777777777778,0.47619047619047616,0.8450704225352113,193.84126984126985,Plastic
2026-02-20T19:39:18.196218,44,542,319,8,17,92.0,42.14213538169861,0.6509754574945119,0.47058823529411764,0.6764705882352942,0.934010152284264,195.72794117647058,Plastic
2026-02-20T19:39:18.196357,44,485,318,5,4,11.5,13.41421353816986,0.8031141418478369,1.25,0.575,1.0,192.7,Plastic
2026-02-20T19:39:18.196491,44,476,315,5,4,11.5,13.41421353816986,0.8031141418478369,1.25,0.575,1.0,200.6,Plastic
2026-02-20T19:39:18.196719,44,486,312,4,3,6.0,10.0,0.7539822368615503,1.3333333333333333,0.5,1.0,207.0,Plastic
2026-02-20T19:39:18.196868,44,541,309,4,3,6.0,10.0,0.7539822368615503,1.3333333333333333,0.5,1.0,195.5,Plastic
2026-02-20T19:39:18.197011,44,375,292,15,44,350.0,107.94112491607666,0.3774887635454877,0.3409090909090909,0.5303030303030303,0.7821229050279329,184.27121212121213,Other
2026-02-20T19:39:18.197153,44,613,158,17,8,58.0,41.31370830535889,0.4270212621526031,2.125,0.4264705882352941,0.7837837837837838,180.97794117647058,Other
2026-02-20T19:39:18.197318,44,71,148,4,10,23.5,23.41421353816986,0.5386647751118997,0.4,0.5875,0.94,214.95,Plastic
2026-02-20T19:39:18.197453,44,132,145,5,22,55.5,49.071067690849304,0.289635527240415,0.22727272727272727,0.5045454545454545,0.7551020408163265,188.14545454545456,Other
2026-02-20T19:39:18.197589,44,484,144,4,5,9.0,12.828427076339722,0.6872354501543845,0.8,0.45,0.9,182.4,Plastic
2026-02-20T19:39:18.197781,44,124,124,3,8,14.0,18.0,0.5429913228426803,0.375,0.5833333333333334,1.0,197.70833333333334,Plastic
2026-02-20T19:39:18.197922,44,515,119,9,8,44.0,26.485281229019165,0.7882307312370878,1.125,0.6111111111111112,0.946236559139785,194.79166666666666,Plastic
2026-02-20T19:39:18.198054,44,70,110,3,18,34.0,38.0,0.29588407263726585,0.16666666666666666,0.6296296296296297,1.0,217.38888888888889,Other
2026-02-20T19:39:18.198204,44,98,92,5,23,77.0,49.65685415267944,0.39241191320494584,0.21739130434782608,0.6695652173913044,0.9506172839506173,211.2173913043478,Other
2026-02-20T19:39:18.198355,44,110,89,5,25,73.5,54.24264061450958,0.31391752101724235,0.2,0.588,0.875,191.576,Other
2026-02-20T19:39:18.198485,44,151,77,4,4,8.5,11.41421353816986,0.8198545354117053,1.0,0.53125,1.0,196.875,Plastic
2026-02-20T19:39:18.198622,44,82,69,5,19,45.0,41.65685415267944,0.3258737950273413,0.2631578947368421,0.47368421052631576,0.8181818181818182,196.69473684210527,Other
2026-02-20T19:39:18.198755,44,186,65,7,11,41.5,27.899494647979736,0.66998532007744,0.6363636363636364,0.538961038961039,0.9120879120879121,194.2207792207792,Plastic
2026-02-20T19:39:18.198871,44,491,44,3,4,6.0,10.0,0.7539822368615503,0.75,0.5,1.0,184.25,Plastic
2026-02-20T19:39:18.198997,44,193,18,4,6,13.5,15.41421353816986,0.7140044036049453,0.6666666666666666,0.5625,0.9642857142857143,181.54166666666666,Plastic
2026-02-20T19:39:18.199131,44,504,3,4,5,10.0,12.828427076339722,0.7635949446159828,0.8,0.5,0.9523809523809523,194.9,Plastic
2026-02-20T19:39:18.199469,44,476,2,15,17,84.0,50.62741661071777,0.4118296550268551,0.8823529411764706,0.32941176470588235,0.7601809954751131,174.3686274509804,Other
2026-02-20T19:39:18.199691,44,454,0,9,13,70.5,39.899494767189026,0.5564987436334876,0.6923076923076923,0.6025641025641025,0.8294117647058824,191.991452991453,Plastic
2026-02-20T19:39:18.199878,44,179,0,4,3,5.5,9.41421353816986,0.7798381254407765,1.3333333333333333,0.4583333333333333,1.0,181.75,Plastic
2026-02-20T19:39:18.224543,45,390,398,5,3,8.0,12.0,0.6981317007977318,1.6666666666666667,0.5333333333333333,1.0,195.66666666666666,Plastic
2026-02-20T19:39:18.224720,45,378,398,8,4,16.0,18.82842707633972,0.5671550003205648,2.0,0.5,0.8888888888888888,199.625,Plastic
2026-02-20T19:39:18.224881,45,512,357,4,4,8.5,11.41421353816986,0.8198545354117053,1.0,0.53125,1.0,203.625,Plastic
2026-02-20T19:39:18.225024,45,538,350,9,13,78.5,37.071067690849304,0.7178097151242987,0.6923076923076923,0.6709401709401709,0.9235294117647059,194.67521367521368,Plastic
2026-02-20T19:39:18.225169,45,513,347,5,6,17.5,16.242640614509583,0.8335557320298667,0.8333333333333334,0.5833333333333334,0.9722222222222222,198.86666666666667,Plastic
2026-02-20T19:39:18.225330,45,478,344,4,4,8.5,11.41421353816986,0.8198545354117053,1.0,0.53125,1.0,200.875,Plastic
2026-02-20T19:39:18.225467,45,549,343,9,19,85.0,47.31370830535889,0.47714987412689364,0.47368421052631576,0.49707602339181284,0.8292682926829268,182.51461988304092,Plastic
2026-02-20T19:39:18.225604,45,592,334,12,6,46.0,30.82842707633972,0.6082259734412497,2.0,0.6388888888888888,0.92,183.45833333333334,Plastic
2026-02-20T19:39:18.225724,45,484,333,4,3,6.0,10.0,0.7539822368615503,1.3333333333333333,0.5,1.0,190.91666666666666,Plastic
2026-02-20T19:39:18.225857,45,503,332,9,13,45.0,42.14213538169861,0.3184119085570982,0.6923076923076923,0.38461538461538464,0.6122448979591837,180.36752136752136,Other
2026-02-20T19:39:18.226021,45,553,322,8,16,96.5,41.899494767189026,0.6907479504833332,0.5,0.75390625,0.9601990049751243,196.96875,Plastic
2026-02-20T19:39:18.226172,45,511,322,5,4,11.0,12.828427076339722,0.8399544390775809,1.25,0.55,1.0,197.05,Plastic
2026-02-20T19:39:18.226301,45,542,320,8,16,92.0,40.485281229019165,0.7053478883642095,0.5,0.71875,0.9633507853403142,197.1796875,Plastic
2026-02-20T19:39:18.226437,45,229,320,7,9,31.5,25.071067690849304,0.6297595453509253,0.7777777777777778,0.5,0.84,191.25396825396825,Plastic
2026-02-20T19:39:18.226572,45,485,318,5,3,8.0,12.0,0.6981317007977318,1.6666666666666667,0.5333333333333333,1.0,195.46666666666667,Plastic
2026-02-20T19:39:18.226720,45,476,314,5,4,11.0,12.828427076339722,0.8399544390775809,1.25,0.55,1.0,201.6,Plastic
2026-02-20T19:39:18.226845,45,487,312,5,3,8.0,12.0,0.6981317007977318,1.6666666666666667,0.5333333333333333,1.0,202.66666666666666,Plastic
2026-02-20T19:39:18.227194,45,542,309,4,3,6.0,10.0,0.7539822368615503,1.3333333333333333,0.5,1.0,195.41666666666666,Plastic
2026-02-20T19:39:18.227350,45,375,292,16,44,352.0,107.94112491607666,0.37964584219431907,0.36363636363636365,0.5,0.7883538633818589,183.03551136363637,Other
2026-02-20T19:39:18.227523,45,611,160,18,7,63.0,42.14213538169861,0.4457766719799376,2.5714285714285716,0.5,0.84,181.38095238095238,Other
2026-02-20T19:39:18.227665,45,71,147,5,11,29.5,26.242640614509583,0.5382906225485067,0.45454545454545453,0.5363636363636364,0.8805970149253731,205.70909090909092,Plastic
2026-02-20T19:39:18.227804,45,132,145,4,23,55.5,50.24264061450958,0.27628539881847247,0.17391304347826086,0.6032608695652174,0.8538461538461538,191.7173913043478,Other
2026-02-20T19:39:18.228166,45,515,119,9,8,42.5,25.899494767189026,0.7961890669765819,1.125,0.5902777777777778,0.9550561797752809,195.63888888888889,Plastic
2026-02-20T19:39:18.228635,45,70,111,3,17,32.0,36.0,0.310280755910103,0.17647058823529413,0.6274509803921569,1.0,219.50980392156862,Other
2026-02-20T19:39:18.228856,45,97,94,6,21,72.5,47.071067690849304,0.41118737523240945,0.2857142857142857,0.5753968253968254,0.8682634730538922,201.8015873015873,Other
2026-02-20T19:39:18.229083,45,110,88,5,27,78.0,57.65685415267944,0.2948509835908085,0.18518518518518517,0.5777777777777777,0.8666666666666667,191.1851851851852,Other
2026-02-20T19:39:18.229374,45,129,87,3,5,8.0,12.0,0.6981317007977318,0.6,0.5333333333333333,1.0,188.2,Plastic
2026-02-20T19:39:18.229613,45,150,77,4,4,8.5,11.41421353816986,0.8198545354117053,1.0,0.53125,1.0,195.375,Plastic
2026-02-20T19:39:18.229798,45,82,69,5,19,48.5,42.24264061450958,0.34154622204508345,0.2631578947368421,0.5105263157894737,0.8362068965517241,199.1578947368421,Other
2026-02-20T19:39:18.229960,45,186,65,7,12,48.0,29.313708305358887,0.7019554939861765,0.5833333333333334,0.5714285714285714,0.9795918367346939,193.67857142857142,Plastic
2026-02-20T19:39:18.230137,45,490,44,4,4,9.0,12.0,0.7853981633974483,1.0,0.5625,1.0,188.75,Plastic
2026-02-20T19:39:18.230306,45,233,33,5,3,8.0,12.0,0.6981317007977318,1.6666666666666667,0.5333333333333333,1.0,185.66666666666666,Plastic
2026-02-20T19:39:18.230450,45,504,4,3,5,8.0,12.0,0.6981317007977318,0.6,0.5333333333333333,1.0,214.46666666666667,Plastic
2026-02-20T19:39:18.230593,45,475,2,21,18,99.0,63.455843687057495,0.30895968467346546,1.1666666666666667,0.2619047619047619,0.6265822784810127,172.66666666666666,Other
2026-02-20T19:39:18.230738,45,453,0,10,13,70.5,43.899494767189026,0.4597057510520534,0.7692307692307693,0.5423076923076923,0.75,191.26923076923077,Plastic
2026-02-20T19:39:18.254630,46,379,397,16,4,33.5,35.41421353816986,0.3356599053561947,4.0,0.5234375,0.8589743589743589,194.921875,Other
2026-02-20T19:39:18.254809,46,513,355,4,5,10.5,13.41421353816986,0.7332781295132426,0.8,0.525,0.9545454545454546,195.5,Plastic
2026-02-20T19:39:18.254942,46,581,351,3,4,6.0,10.0,0.7539822368615503,0.75,0.5,1.0,197.33333333333334,Plastic
2026-02-20T19:39:18.255085,46,538,349,9,12,73.0,35.65685415267944,0.7215171772658361,0.75,0.6759259259259259,0.9240506329113924,193.97222222222223,Plastic
2026-02-20T19:39:18.255226,46,513,347,5,5,15.0,14.828427076339722,0.8572568253872993,1.0,0.6,1.0,201.44,Plastic
2026-02-20T19:39:18.255365,46,550,342,8,18,81.5,45.899494767189026,0.4861291487115418,0.4444444444444444,0.5659722222222222,0.8534031413612565,185.61111111111111,Plastic
2026-02-20T19:39:18.255504,46,504,339,5,4,10.5,13.41421353816986,0.7332781295132426,1.25,0.525,0.9545454545454546,188.15,Plastic
2026-02-20T19:39:18.255639,46,592,334,12,6,36.0,28.485281109809875,0.5575339850726698,2.0,0.5,0.8674698795180723,182.08333333333334,Plastic
2026-02-20T19:39:18.255755,46,506,331,6,4,15.0,16.0,0.7363107781851077,1.5,0.625,1.0,196.70833333333334,Plastic
2026-02-20T19:39:18.255869,46,485,331,4,3,6.0,10.0,0.7539822368615503,1.3333333333333333,0.5,1.0,189.08333333333334,Plastic
2026-02-20T19:39:18.256019,46,512,320,5,4,10.5,13.41421353816986,0.7332781295132426,1.25,0.525,0.9545454545454546,192.15,Plastic
2026-02-20T19:39:18.256187,46,542,319,19,18,196.5,86.04163014888763,0.3335455560930678,1.0555555555555556,0.5745614035087719,0.7304832713754646,188.23976608187135,Other
2026-02-20T19:39:18.256351,46,229,318,6,9,27.5,23.071067690849304,0.6492428432764191,0.6666666666666666,0.5092592592592593,0.873015873015873,203.0,Plastic
2026-02-20T19:39:18.256482,46,485,316,6,4,13.5,15.41421353816986,0.7140044036049453,1.5,0.5625,0.9642857142857143,188.75,Plastic
2026-02-20T19:39:18.256612,46,477,313,5,5,14.0,14.828427076339722,0.8001063703614795,1.0,0.56,1.0,195.12,Plastic
2026-02-20T19:39:18.256742,46,487,310,6,3,10.0,14.0,0.641141357875468,2.0,0.5555555555555556,1.0,207.33333333333334,Plastic
2026-02-20T19:39:18.256853,46,542,308,4,3,6.0,10.0,0.7539822368615503,1.3333333333333333,0.5,1.0,192.0,Plastic
2026-02-20T19:39:18.256994,46,375,292,17,43,363.5,108.52691125869751,0.3878282078899723,0.3953488372093023,0.49726402188782487,0.7792068595927116,182.95348837209303,Other
2026-02-20T19:39:18.257131,46,194,151,3,5,8.0,12.0,0.6981317007977318,0.6,0.5333333333333333,1.0,186.66666666666666,Plastic
2026-02-20T19:39:18.257282,46,453,148,4,4,8.0,10.828427076339722,0.8573716100878628,1.0,0.5,1.0,184.9375,Plastic
2026-02-20T19:39:18.257414,46,71,146,5,13,37.5,30.242640614509583,0.5152306786637267,0.38461538461538464,0.5769230769230769,0.9146341463414634,205.27692307692308,Plastic
2026-02-20T19:39:18.257549,46,132,144,5,24,61.0,52.485281229019165,0.2782688811479569,0.20833333333333334,0.5083333333333333,0.7721518987341772,186.91666666666666,Other
2026-02-20T19:39:18.257682,46,515,119,9,7,41.0,25.656854152679443,0.7826848182313823,1.2857142857142858,0.6507936507936508,0.9647058823529412,198.82539682539684,Plastic
2026-02-20T19:39:18.257801,46,70,109,3,19,36.0,40.0,0.2827433388230814,0.15789473684210525,0.631578947368421,1.0,219.28070175438597,Other
2026-02-20T19:39:18.257932,46,594,108,4,5,10.0,12.828427076339722,0.7635949446159828,0.8,0.5,0.9523809523809523,186.25,Plastic
2026-02-20T19:39:18.258299,46,200,97,3,5,8.0,12.0,0.6981317007977318,0.6,0.5333333333333333,1.0,195.26666666666668,Plastic
2026-02-20T19:39:18.258513,46,98,94,5,20,68.5,44.24264061450958,0.439762664960473,0.25,0.685,0.9647887323943662,214.94,Other
2026-02-20T19:39:18.258690,46,110,88,5,23,72.0,49.65685415267944,0.36693062013968963,0.21739130434782608,0.6260869565217392,0.9113924050632911,193.1478260869565,Other
2026-02-20T19:39:18.258844,46,199,86,3,4,6.0,10.0,0.7539822368615503,0.75,0.5,1.0,191.33333333333334,Plastic
2026-02-20T19:39:18.258986,46,128,77,3,4,6.0,10.0,0.7539822368615503,0.75,0.5,1.0,198.66666666666666,Plastic
2026-02-20T19:39:18.259145,46,151,76,4,4,8.5,11.41421353816986,0.8198545354117053,1.0,0.53125,1.0,193.9375,Plastic
2026-02-20T19:39:18.259305,46,82,68,5,20,52.0,43.65685415267944,0.34285329835695183,0.25,0.52,0.8524590163934426,198.44,Other
2026-02-20T19:39:18.259460,46,186,63,7,13,47.5,31.899494767189026,0.5865916334755076,0.5384615384615384,0.521978021978022,0.8796296296296297,193.92307692307693,Plastic
2026-02-20T19:39:18.259612,46,465,46,4,4,8.0,10.828427076339722,0.8573716100878628,1.0,0.5,1.0,188.8125,Plastic
2026-02-20T19:39:18.259810,46,504,3,4,6,13.0,14.828427076339722,0.7429559153356595,0.6666666666666666,0.5416666666666666,0.9629629629629629,201.375,Plastic
2026-02-20T19:39:18.259958,46,476,0,20,19,100.5,64.04162991046906,0.3079294120197739,1.0526315789473684,0.2644736842105263,0.6109422492401215,171.28684210526316,Other
2026-02-20T19:39:18.260095,46,454,0,14,12,74.5,44.72792160511017,0.46795996589389693,1.1666666666666667,0.44345238095238093,0.6995305164319249,180.9404761904762,Plastic
2026-02-20T19:39:18.286751,47,380,396,16,4,32.0,34.82842707633972,0.33150655463472867,4.0,0.5,0.8421052631578947,197.78125,Other
2026-02-20T19:39:18.286944,47,513,353,4,4,9.0,12.0,0.7853981633974483,1.0,0.5625,1.0,196.375,Plastic
2026-02-20T19:39:18.287147,47,539,347,9,12,68.0,35.65685415267944,0.6720981925216009,0.75,0.6296296296296297,0.8888888888888888,191.64814814814815,Plastic
2026-02-20T19:39:18.287296,47,550,345,9,13,66.0,35.3137081861496,0.6650696839714746,0.6923076923076923,0.5641025641025641,0.9041095890410958,185.07692307692307,Plastic
2026-02-20T19:39:18.287605,47,514,345,4,5,11.5,13.41421353816986,0.8031141418478369,0.8,0.575,1.0,199.25,Plastic
2026-02-20T19:39:18.287747,47,595,333,8,5,19.5,20.242640614509583,0.5980123401348733,1.6,0.4875,0.8478260869565217,181.85,Plastic
2026-02-20T19:39:18.287888,47,504,329,9,12,46.0,34.485281229019165,0.4860714932419067,0.75,0.42592592592592593,0.7419354838709677,178.9351851851852,Plastic
2026-02-20T19:39:18.288009,47,485,329,4,3,6.0,10.0,0.7539822368615503,1.3333333333333333,0.5,1.0,190.08333333333334,Plastic
2026-02-20T19:39:18.288171,47,512,318,5,4,9.0,12.828427076339722,0.6872354501543845,1.25,0.45,0.9,192.75,Plastic
2026-02-20T19:39:18.288331,47,542,316,19,21,220.0,90.28427076339722,0.339162912277919,0.9047619047619048,0.5513784461152882,0.7419898819561551,185.38847117794487,Other
2026-02-20T19:39:18.288472,47,229,316,6,9,26.0,22.485281109809875,0.6462291869834754,0.6666666666666666,0.48148148148148145,0.8813559322033898,203.62962962962962,Plastic
2026-02-20T19:39:18.288610,47,477,310,4,6,14.0,14.828427076339722,0.8001063703614795,0.6666666666666666,0.5833333333333334,1.0,194.95833333333334,Plastic
2026-02-20T19:39:18.288743,47,486,307,7,11,33.5,31.071067690849304,0.43605605040677037,0.6363636363636364,0.43506493506493504,0.7052631578947368,188.02597402597402,Other
2026-02-20T19:39:18.288888,47,376,291,17,44,363.0,108.76955199241638,0.385568734116699,0.38636363636363635,0.4852941176470588,0.7857142857142857,182.82486631016042,Other
2026-02-20T19:39:18.289027,47,132,156,4,11,24.0,24.82842707633972,0.48924082685291953,0.36363636363636365,0.5454545454545454,0.9056603773584906,188.8409090909091,Plastic
2026-02-20T19:39:18.289145,47,461,152,3,4,6.0,10.0,0.7539822368615503,0.75,0.5,1.0,189.58333333333334,Plastic
2026-02-20T19:39:18.289274,47,194,148,3,6,10.0,14.0,0.641141357875468,0.5,0.5555555555555556,1.0,185.38888888888889,Plastic
2026-02-20T19:39:18.289429,47,132,144,4,9,21.0,20.82842707633972,0.6082977507177038,0.4444444444444444,0.5833333333333334,0.9545454545454546,191.58333333333334,Plastic
2026-02-20T19:39:18.289564,47,71,144,5,13,35.0,29.656854152679443,0.5000664814759246,0.38461538461538464,0.5384615384615384,0.8974358974358975,203.6,Plastic
2026-02-20T19:39:18.289681,47,124,122,3,7,12.0,16.0,0.5890486225480862,0.42857142857142855,0.5714285714285714,1.0,199.85714285714286,Plastic
2026-02-20T19:39:18.289813,47,516,118,8,8,44.0,25.656854033470154,0.8399544468829317,1.0,0.6875,1.0,199.390625,Plastic
2026-02-20T19:39:18.289943,47,592,108,6,5,17.0,16.82842707633972,0.7543479859516065,1.2,0.5666666666666667,0.9714285714285714,183.86666666666667,Plastic
2026-02-20T19:39:18.290210,47,70,107,3,21,40.0,44.0,0.25963575649502424,0.14285714285714285,0.6349206349206349,1.0,219.25396825396825,Other
2026-02-20T19:39:18.290526,47,200,92,3,5,8.0,12.0,0.6981317007977318,0.6,0.5333333333333333,1.0,198.2,Plastic
2026-02-20T19:39:18.290798,47,98,91,5,22,74.0,47.65685415267944,0.4094405403862326,0.22727272727272727,0.6727272727272727,0.9548387096774194,213.8090909090909,Other
2026-02-20T19:39:18.291031,47,110,86,5,24,75.0,51.65685415267944,0.3531955460280252,0.20833333333333334,0.625,0.9090909090909091,192.94166666666666,Other
2026-02-20T19:39:18.291182,47,199,82,3,4,6.0,10.0,0.7539822368615503,0.75,0.5,1.0,193.83333333333334,Plastic
2026-02-20T19:39:18.291348,47,82,64,5,23,57.0,49.65685415267944,0.29048674094392096,0.21739130434782608,0.4956521739130435,0.8444444444444444,196.68695652173912,Other
2026-02-20T19:39:18.291513,47,187,61,6,12,42.5,29.071067690849304,0.6319414311025252,0.5,0.5902777777777778,0.9444444444444444,197.93055555555554,Plastic
2026-02-20T19:39:18.291685,47,185,7,5,7,15.5,18.242640614509583,0.5852833333392216,0.7142857142857143,0.44285714285714284,0.8378378378378378,181.9142857142857,Plastic
2026-02-20T19:39:18.291912,47,254,6,187,24,469.0,394.2253956794739,0.03792219885683404,7.791666666666667,0.10450089126559715,0.5654008438818565,161.4540998217469,Other
2026-02-20T19:39:18.292110,47,505,0,4,6,12.0,14.828427076339722,0.6858054603098395,0.6666666666666666,0.5,0.9230769230769231,194.16666666666666,Plastic
2026-02-20T19:39:18.292305,47,477,0,14,17,82.0,48.627416372299194,0.43577401020062584,0.8235294117647058,0.3445378151260504,0.7627906976744186,176.31932773109244,Other
2026-02-20T19:39:18.292470,47,455,0,9,9,47.5,27.899494767189026,0.7668506610052985,1.0,0.5864197530864198,0.9313725490196079,192.71604938271605,Plastic
2026-02-20T19:39:18.318872,48,380,396,17,4,34.0,36.82842707633972,0.315008621038431,4.25,0.5,0.8395061728395061,196.97058823529412,Other
2026-02-20T19:39:18.319055,48,513,353,5,4,11.5,13.41421353816986,0.8031141418478369,1.25,0.575,1.0,198.3,Plastic
2026-02-20T19:39:18.319203,48,581,348,4,5,11.0,12.828427076339722,0.8399544390775809,0.8,0.55,1.0,197.5,Plastic
2026-02-20T19:39:18.319341,48,539,346,9,13,75.5,35.899494767189026,0.7361734362819782,0.6923076923076923,0.6452991452991453,0.9207317073170732,191.71794871794873,Plastic
2026-02-20T19:39:18.319497,48,514,344,4,5,11.5,13.41421353816986,0.8031141418478369,0.8,0.575,1.0,202.9,Plastic
2026-02-20T19:39:18.319636,48,550,338,10,20,96.0,50.97056245803833,0.46434657332078233,0.5,0.48,0.7933884297520661,180.955,Plastic
2026-02-20T19:39:18.319774,48,504,335,6,6,21.0,17.656854152679443,0.8464523193398272,1.0,0.5833333333333334,0.9767441860465116,188.11111111111111,Plastic
2026-02-20T19:39:18.319907,48,597,332,7,4,17.0,16.82842707633972,0.7543479859516065,1.75,0.6071428571428571,1.0,184.21428571428572,Plastic
2026-02-20T19:39:18.320026,48,485,329,4,3,6.0,10.0,0.7539822368615503,1.3333333333333333,0.5,1.0,189.33333333333334,Plastic
2026-02-20T19:39:18.320161,48,505,328,8,5,22.0,19.656854152679443,0.7154915583244541,1.6,0.55,0.9166666666666666,192.5,Plastic
2026-02-20T19:39:18.320304,48,519,323,3,4,6.0,10.0,0.7539822368615503,0.75,0.5,1.0,196.75,Plastic
2026-02-20T19:39:18.320460,48,512,318,5,4,11.0,12.828427076339722,0.8399544390775809,1.25,0.55,1.0,197.15,Plastic
2026-02-20T19:39:18.320618,48,542,316,20,19,238.0,71.11269772052765,0.5914152413299031,1.0526315789473684,0.6263157894736842,0.8439716312056738,185.59473684210528,Other
2026-02-20T19:39:18.320758,48,229,316,6,8,23.5,21.071067690849304,0.6651270978748275,0.75,0.4895833333333333,0.8703703703703703,207.66666666666666,Plastic
2026-02-20T19:39:18.320895,48,477,310,5,5,14.0,14.828427076339722,0.8001063703614795,1.0,0.56,1.0,197.28,Plastic
2026-02-20T19:39:18.321024,48,486,307,6,10,29.5,29.071067690849304,0.43864169923587043,0.6,0.49166666666666664,0.7283950617283951,191.31666666666666,Other
2026-02-20T19:39:18.321139,48,543,305,4,3,6.0,10.0,0.7539822368615503,1.3333333333333333,0.5,1.0,195.25,Plastic
2026-02-20T19:39:18.321281,48,377,291,16,44,358.0,109.11269772052765,0.37786990438008,0.36363636363636365,0.5085227272727273,0.7633262260127932,184.05539772727272,Other
2026-02-20T19:39:18.321414,48,133,156,3,11,20.0,24.0,0.4363323129985824,0.2727272727272727,0.6060606060606061,1.0,194.57575757575756,Other
2026-02-20T19:39:18.321528,48,194,146,3,4,6.0,10.0,0.7539822368615503,0.75,0.5,1.0,185.58333333333334,Plastic
2026-02-20T19:39:18.321714,48,454,144,4,5,11.5,13.41421353816986,0.8031141418478369,0.8,0.575,1.0,187.15,Plastic
2026-02-20T19:39:18.321846,48,72,143,4,12,28.0,26.82842707633972,0.48885208634216165,0.3333333333333333,0.5833333333333334,0.9333333333333333,217.22916666666666,Plastic
2026-02-20T19:39:18.321977,48,132,140,4,10,23.5,23.41421353816986,0.5386647751118997,0.4,0.5875,0.94,190.2,Plastic
2026-02-20T19:39:18.322108,48,516,117,9,8,43.5,27.071067690849304,0.7459133007764406,1.125,0.6041666666666666,0.9456521739130435,193.88888888888889,Plastic
2026-02-20T19:39:18.322320,48,592,108,5,4,12.0,14.0,0.7693696294505615,1.25,0.6,1.0,184.4,Plastic
2026-02-20T19:39:18.322656,48,70,106,4,19,42.0,40.82842707633972,0.31661672802111024,0.21052631578947367,0.5526315789473685,0.8842105263157894,206.21052631578948,Other
2026-02-20T19:39:18.322835,48,98,91,5,20,69.0,43.65685415267944,0.4549399535890322,0.25,0.69,0.971830985915493,215.11,Plastic
2026-02-20T19:39:18.322984,48,200,90,3,5,8.0,12.0,0.6981317007977318,0.6,0.5333333333333333,1.0,201.06666666666666,Plastic
2026-02-20T19:39:18.323243,48,110,86,5,23,71.5,50.24264061450958,0.3559352435228969,0.21739130434782608,0.6217391304347826,0.9050632911392406,192.89565217391305,Other
2026-02-20T19:39:18.323393,48,129,82,3,9,16.0,20.0,0.5026548245743669,0.3333333333333333,0.5925925925925926,1.0,188.7037037037037,Plastic
2026-02-20T19:39:18.323512,48,199,81,3,4,6.0,10.0,0.7539822368615503,0.75,0.5,1.0,194.08333333333334,Plastic
2026-02-20T19:39:18.323701,48,83,63,4,20,48.0,42.82842707633972,0.32884167521118646,0.2,0.6,0.9230769230769231,216.225,Other
2026-02-20T19:39:18.323836,48,187,59,6,11,39.0,27.656854152679443,0.6407209316006189,0.5454545454545454,0.5909090909090909,0.9397590361445783,199.9090909090909,Plastic
2026-02-20T19:39:18.323972,48,636,13,4,9,15.0,20.82842707633972,0.43449839336978835,0.4444444444444444,0.4166666666666667,0.8333333333333334,181.02777777777777,Other
2026-02-20T19:39:18.324098,48,506,0,3,4,6.0,10.0,0.7539822368615503,0.75,0.5,1.0,209.66666666666666,Plastic
2026-02-20T19:39:18.324236,48,477,0,13,15,73.0,43.79898941516876,0.4781944640393928,0.8666666666666667,0.37435897435897436,0.8021978021978022,179.3948717948718,Plastic
2026-02-20T19:39:18.324370,48,456,0,8,7,38.5,25.41421353816986,0.749061100269955,1.1428571428571428,0.6875,0.9625,202.875,Plastic
2026-02-20T19:39:18.352692,49,381,397,14,4,29.0,30.82842707633972,0.3834468093433966,3.5,0.5178571428571429,0.8656716417910447,199.21428571428572,Other
2026-02-20T19:39:18.352858,49,514,353,3,4,6.0,10.0,0.7539822368615503,0.75,0.5,1.0,195.91666666666666,Plastic
2026-02-20T19:39:18.353006,49,581,348,5,5,13.0,14.828427076339722,0.7429559153356595,1.0,0.52,0.9285714285714286,193.88,Plastic
2026-02-20T19:39:18.353149,49,539,347,10,12,76.5,37.071067690849304,0.6995215695160363,0.8333333333333334,0.6375,0.9,191.2,Plastic
2026-02-20T19:39:18.353342,49,514,344,5,5,13.5,14.242640614509583,0.8363009706092603,1.0,0.54,0.9642857142857143,203.24,Plastic
2026-02-20T19:39:18.353570,49,550,338,10,20,92.5,50.72792172431946,0.4517076613982993,0.5,0.4625,0.8222222222222222,180.985,Plastic
2026-02-20T19:39:18.353743,49,594,330,11,6,32.0,27.656854152679443,0.5257197387492258,1.8333333333333333,0.48484848484848486,0.8421052631578947,182.5151515151515,Plastic
2026-02-20T19:39:18.353893,49,504,329,9,12,41.5,41.071067690849304,0.3091619050428632,0.75,0.38425925925925924,0.5971223021582733,181.11111111111111,Other
2026-02-20T19:39:18.354034,49,486,329,4,3,6.0,10.0,0.7539822368615503,1.3333333333333333,0.5,1.0,195.75,Plastic
2026-02-20T19:39:18.354173,49,519,323,3,5,8.0,12.0,0.6981317007977318,0.6,0.5333333333333333,1.0,194.4,Plastic
2026-02-20T19:39:18.354303,49,512,318,5,4,11.0,12.828427076339722,0.8399544390775809,1.25,0.55,1.0,199.75,Plastic
2026-02-20T19:39:18.354541,49,543,316,19,18,224.5,70.04163002967834,0.5750607418172262,1.0555555555555556,0.6564327485380117,0.8487712665406427,188.01169590643275,Other
2026-02-20T19:39:18.354739,49,230,316,5,8,25.5,20.242640614509583,0.7820161370994496,0.625,0.6375,1.0,216.725,Plastic
2026-02-20T19:39:18.354875,49,477,310,5,4,11.5,13.41421353816986,0.8031141418478369,1.25,0.575,1.0,202.55,Plastic
2026-02-20T19:39:18.355011,49,486,307,7,10,30.5,29.071067690849304,0.45351090937945926,0.7,0.4357142857142857,0.7093023255813954,188.77142857142857,Plastic
2026-02-20T19:39:18.355127,49,543,305,4,3,6.0,10.0,0.7539822368615503,1.3333333333333333,0.5,1.0,196.41666666666666,Plastic
2026-02-20T19:39:18.355266,49,378,291,16,44,347.0,109.11269772052765,0.36625937659186525,0.36363636363636365,0.4928977272727273,0.7771556550951848,183.76420454545453,Other
2026-02-20T19:39:18.355408,49,616,156,14,9,54.0,40.14213538169861,0.4211169103448103,1.5555555555555556,0.42857142857142855,0.6835443037974683,180.94444444444446,Other
2026-02-20T19:39:18.355572,49,133,154,3,11,20.0,24.0,0.4363323129985824,0.2727272727272727,0.6060606060606061,1.0,197.42424242424244,Other
2026-02-20T19:39:18.355707,49,454,144,4,5,11.0,12.828427076339722,0.8399544390775809,0.8,0.55,1.0,184.95,Plastic
2026-02-20T19:39:18.355840,49,72,142,4,12,30.0,26.82842707633972,0.5237700925094588,0.3333333333333333,0.625,0.967741935483871,216.6875,Plastic
2026-02-20T19:39:18.355975,49,132,140,5,11,28.0,25.656854152679443,0.5345164612311879,0.45454545454545453,0.509090909090909,0.8484848484848485,188.4181818181818,Plastic
2026-02-20T19:39:18.356325,49,517,116,9,8,41.5,27.071067690849304,0.7116184363729262,1.125,0.5763888888888888,0.9325842696629213,193.55555555555554,Plastic
2026-02-20T19:39:18.356559,49,70,109,4,13,35.5,29.41421353816986,0.5156128535382558,0.3076923076923077,0.6826923076923077,1.0,207.75,Plastic
2026-02-20T19:39:18.356722,49,98,89,5,22,71.0,47.65685415267944,0.3928415995597638,0.22727272727272727,0.6454545454545455,0.9281045751633987,210.01818181818183,Other
2026-02-20T19:39:18.356868,49,111,83,5,26,73.0,55.65685415267944,0.2961388689281206,0.19230769230769232,0.5615384615384615,0.8538011695906432,191.3846153846154,Other
2026-02-20T19:39:18.357014,49,199,81,4,4,8.0,10.828427076339722,0.8573716100878628,1.0,0.5,1.0,194.25,Plastic
2026-02-20T19:39:18.357154,49,129,81,4,9,19.0,20.82842707633972,0.550364631601732,0.4444444444444444,0.5277777777777778,0.9047619047619048,185.25,Plastic
2026-02-20T19:39:18.357273,49,128,71,3,4,6.0,10.0,0.7539822368615503,0.75,0.5,1.0,201.33333333333334,Plastic
2026-02-20T19:39:18.357419,49,83,63,5,20,48.0,43.65685415267944,0.31647996771410936,0.25,0.48,0.8135593220338984,203.16,Other
2026-02-20T19:39:18.357575,49,187,59,7,12,43.0,29.313708305358887,0.628835130029283,0.5833333333333334,0.5119047619047619,0.9148936170212766,194.66666666666666,Plastic
2026-02-20T19:39:18.357713,49,238,27,6,3,10.0,14.0,0.641141357875468,2.0,0.5555555555555556,1.0,187.94444444444446,Plastic
2026-02-20T19:39:18.357872,49,184,10,3,5,8.0,12.0,0.6981317007977318,0.6,0.5333333333333333,1.0,182.53333333333333,Plastic
2026-02-20T19:39:18.358081,49,506,0,4,3,6.0,10.0,0.7539822368615503,1.3333333333333333,0.5,1.0,206.66666666666666,Plastic
2026-02-20T19:39:18.358268,49,478,0,13,15,69.0,44.97056245803833,0.4287482060486523,0.8666666666666667,0.35384615384615387,0.745945945945946,178.63589743589745,Other
2026-02-20T19:39:18.358419,49,456,0,9,7,42.5,26.242640614509583,0.7755034392647978,1.2857142857142858,0.6746031746031746,0.9550561797752809,202.12698412698413,Plastic
2026-02-20T19:39:18.382502,50,381,397,14,4,30.0,30.82842707633972,0.3966691131138585,3.5,0.5357142857142857,0.8823529411764706,199.80357142857142,Other
2026-02-20T19:39:18.382682,50,514,352,4,5,11.0,12.828427076339722,0.8399544390775809,0.8,0.55,1.0,198.95,Plastic
2026-02-20T19:39:18.382831,50,582,346,4,6,12.0,14.828427076339722,0.6858054603098395,0.6666666666666666,0.5,0.9230769230769231,189.5,Plastic
2026-02-20T19:39:18.382978,50,539,346,10,13,78.5,37.899494767189026,0.6867721570601757,0.7692307692307693,0.6038461538461538,0.8770949720670391,188.56923076923076,Plastic
2026-02-20T19:39:18.383121,50,514,344,5,5,14.5,14.242640614509583,0.8982491906543908,1.0,0.58,1.0,203.2,Plastic
2026-02-20T19:39:18.383296,50,551,338,9,20,90.5,50.72792184352875,0.44194100718285806,0.45,0.5027777777777778,0.8044444444444444,183.35555555555555,Other
2026-02-20T19:39:18.383438,50,504,335,6,6,21.5,18.242640614509583,0.8118446236640815,1.0,0.5972222222222222,0.9772727272727273,190.94444444444446,Plastic
2026-02-20T19:39:18.383577,50,596,330,8,7,31.5,24.242640614509583,0.6735356243185784,1.1428571428571428,0.5625,0.9,183.07142857142858,Plastic
2026-02-20T19:39:18.383716,50,506,328,7,5,19.5,18.242640614509583,0.7363241935557948,1.4,0.5571428571428572,0.9285714285714286,192.94285714285715,Plastic
2026-02-20T19:39:18.383851,50,485,328,5,4,11.0,12.828427076339722,0.8399544390775809,1.25,0.55,1.0,189.15,Plastic
2026-02-20T19:39:18.384010,50,512,318,5,3,8.0,12.0,0.6981317007977318,1.6666666666666667,0.5333333333333333,1.0,201.53333333333333,Plastic
2026-02-20T19:39:18.384153,50,543,316,19,18,220.5,68.04163014888763,0.5985067295659424,1.0555555555555556,0.6447368421052632,0.8480769230769231,187.73976608187135,Other
2026-02-20T19:39:18.384294,50,230,315,6,9,28.0,22.485281109809875,0.6959391244437427,0.6666666666666666,0.5185185185185185,0.9180327868852459,203.33333333333334,Plastic
2026-02-20T19:39:18.384553,50,486,313,6,4,13.0,14.828427076339722,0.7429559153356595,1.5,0.5416666666666666,0.9629629629629629,190.75,Plastic
2026-02-20T19:39:18.384785,50,478,310,4,4,8.5,11.41421353816986,0.8198545354117053,1.0,0.53125,1.0,200.4375,Plastic
2026-02-20T19:39:18.384938,50,488,307,4,3,6.0,10.0,0.7539822368615503,1.3333333333333333,0.5,1.0,209.25,Plastic
2026-02-20T19:39:18.385056,50,543,305,4,3,6.0,10.0,0.7539822368615503,1.3333333333333333,0.5,1.0,193.5,Plastic
2026-02-20T19:39:18.385200,50,378,290,16,45,349.0,111.11269772052765,0.35522858586253864,0.35555555555555557,0.4847222222222222,0.7764182424916574,183.31666666666666,Other
2026-02-20T19:39:18.385322,50,133,154,3,10,18.0,22.0,0.4673443616910436,0.3,0.6,1.0,198.53333333333333,Plastic
2026-02-20T19:39:18.385497,50,454,144,5,4,11.0,12.828427076339722,0.8399544390775809,1.25,0.55,1.0,184.25,Plastic
2026-02-20T19:39:18.385660,50,72,142,5,13,36.0,29.656854152679443,0.5143540952323796,0.38461538461538464,0.5538461538461539,0.9113924050632911,203.35384615384615,Plastic
2026-02-20T19:39:18.385793,50,133,139,4,12,30.0,26.82842707633972,0.5237700925094588,0.3333333333333333,0.625,0.967741935483871,192.95833333333334,Plastic
2026-02-20T19:39:18.385969,50,109,119,6,10,25.0,26.82842707633972,0.4364750770912158,0.6,0.4166666666666667,0.7246376811594203,184.5,Other
2026-02-20T19:39:18.386118,50,517,114,10,9,46.0,29.313708305358887,0.6727073484034191,1.1111111111111112,0.5111111111111111,0.8846153846153846,190.44444444444446,Plastic
2026-02-20T19:39:18.386290,50,70,107,4,15,32.0,32.82842707633972,0.3731295917827639,0.26666666666666666,0.5333333333333333,0.8767123287671232,204.96666666666667,Other
2026-02-20T19:39:18.386410,50,593,105,8,6,12.0,22.82842707633972,0.2893604242629548,1.3333333333333333,0.25,0.5217391304347826,182.08333333333334,Other
2026-02-20T19:39:18.386567,50,201,89,3,6,10.0,14.0,0.641141357875468,0.5,0.5555555555555556,1.0,199.38888888888889,Plastic
2026-02-20T19:39:18.386701,50,98,88,6,22,72.0,48.485281229019165,0.38487749961061624,0.2727272727272727,0.5454545454545454,0.8520710059171598,201.3030303030303,Other
2026-02-20T19:39:18.386835,50,199,81,4,4,8.5,11.41421353816986,0.8198545354117053,1.0,0.53125,1.0,194.125,Plastic
2026-02-20T19:39:18.386949,50,129,81,4,8,21.0,20.0,0.6597344572538566,0.5,0.65625,1.0,186.8125,Plastic
2026-02-20T19:39:18.387079,50,111,81,5,35,91.0,73.65685415267944,0.21077782731247954,0.14285714285714285,0.52,0.8088888888888889,189.01142857142858,Other
2026-02-20T19:39:18.387234,50,128,71,4,4,8.5,11.41421353816986,0.8198545354117053,1.0,0.53125,1.0,199.1875,Plastic
2026-02-20T19:39:18.387362,50,152,70,4,4,8.5,11.41421353816986,0.8198545354117053,1.0,0.53125,1.0,198.125,Plastic
2026-02-20T19:39:18.387493,50,83,63,5,20,49.5,44.24264061450958,0.3177846994969842,0.25,0.495,0.8181818181818182,202.27,Other
2026-02-20T19:39:18.387625,50,187,58,7,12,44.0,30.485281229019165,0.5949522742084463,0.5833333333333334,0.5238095238095238,0.88,195.38095238095238,Plastic
2026-02-20T19:39:18.387757,50,233,27,6,3,10.0,14.0,0.641141357875468,2.0,0.5555555555555556,1.0,188.0,Plastic
2026-02-20T19:39:18.387873,50,507,0,3,4,6.0,10.0,0.7539822368615503,0.75,0.5,1.0,216.33333333333334,Plastic
2026-02-20T19:39:18.388235,50,478,0,11,14,63.5,39.55634891986847,0.5099777061312609,0.7857142857142857,0.41233766233766234,0.8246753246753247,182.2207792207792,Plastic
2026-02-20T19:39:18.388442,50,456,0,14,7,57.0,34.485281229019165,0.6023059807562756,2.0,0.5816326530612245,0.8976377952755905,191.87755102040816,Plastic
2026-02-20T19:39:18.421300,51,381,397,18,4,42.0,39.65685415267944,0.33560052708150523,4.5,0.5833333333333334,0.865979381443299,198.04166666666666,Other
2026-02-20T19:39:18.421541,51,514,352,3,4,6.0,10.0,0.7539822368615503,0.75,0.5,1.0,201.08333333333334,Plastic
2026-02-20T19:39:18.421749,51,581,348,4,3,6.0,10.0,0.7539822368615503,1.3333333333333333,0.5,1.0,196.58333333333334,Plastic
2026-02-20T19:39:18.421993,51,539,346,10,12,75.5,37.071067690849304,0.6903774967119051,0.8333333333333334,0.6291666666666667,0.893491124260355,190.625,Plastic
2026-02-20T19:39:18.422244,51,551,345,9,12,60.0,34.485281229019165,0.6340062955329218,0.75,0.5555555555555556,0.8695652173913043,187.5,Plastic
2026-02-20T19:39:18.422511,51,515,343,4,5,11.0,12.828427076339722,0.8399544390775809,0.8,0.55,1.0,201.2,Plastic
2026-02-20T19:39:18.422767,51,555,338,5,4,10.0,12.828427076339722,0.7635949446159828,1.25,0.5,0.9523809523809523,184.1,Plastic
2026-02-20T19:39:18.423014,51,505,334,5,6,17.5,16.242640614509583,0.8335557320298667,0.8333333333333334,0.5833333333333334,1.0,189.3,Plastic
2026-02-20T19:39:18.423255,51,596,330,9,5,26.0,22.82842707633972,0.6269475859030688,1.8,0.5777777777777777,0.9122807017543859,182.62222222222223,Plastic
2026-02-20T19:39:18.423458,51,485,328,4,3,6.0,10.0,0.7539822368615503,1.3333333333333333,0.5,1.0,189.25,Plastic
2026-02-20T19:39:18.423696,51,507,327,7,5,21.0,17.656854152679443,0.8464523193398272,1.4,0.6,0.9767441860465116,191.5142857142857,Plastic
2026-02-20T19:39:18.423965,51,512,317,5,3,8.0,12.0,0.6981317007977318,1.6666666666666667,0.5333333333333333,1.0,199.2,Plastic
2026-02-20T19:39:18.424223,51,543,316,20,18,229.0,70.28427052497864,0.5825444419229289,1.1111111111111112,0.6361111111111111,0.8357664233576643,186.75833333333333,Other
2026-02-20T19:39:18.424436,51,230,314,6,9,28.0,22.485281109809875,0.6959391244437427,0.6666666666666666,0.5185185185185185,0.9180327868852459,206.24074074074073,Plastic
2026-02-20T19:39:18.424640,51,487,313,5,3,8.0,12.0,0.6981317007977318,1.6666666666666667,0.5333333333333333,1.0,192.6,Plastic
2026-02-20T19:39:18.424830,51,478,309,5,5,14.0,14.828427076339722,0.8001063703614795,1.0,0.56,1.0,195.88,Plastic
2026-02-20T19:39:18.425020,51,488,306,5,4,9.0,12.828427076339722,0.6872354501543845,1.25,0.45,0.9,196.05,Plastic
2026-02-20T19:39:18.425217,51,379,290,16,44,349.5,109.69848430156708,0.3649688424438419,0.36363636363636365,0.49644886363636365,0.793416572077185,182.95170454545453,Other
2026-02-20T19:39:18.425398,51,133,154,3,8,14.0,18.0,0.5429913228426803,0.375,0.5833333333333334,1.0,198.29166666666666,Plastic
2026-02-20T19:39:18.425577,51,455,144,4,4,8.0,10.828427076339722,0.8573716100878628,1.0,0.5,1.0,183.5,Plastic
2026-02-20T19:39:18.425751,51,72,141,5,13,35.5,30.242640614509583,0.4877517091349947,0.38461538461538464,0.5461538461538461,0.8875,202.3230769230769,Plastic
2026-02-20T19:39:18.425951,51,133,138,4,12,29.0,26.82842707633972,0.5063110894258103,0.3333333333333333,0.6041666666666666,0.9508196721311475,191.45833333333334,Plastic
2026-02-20T19:39:18.426120,51,112,118,3,10,18.0,22.0,0.4673443616910436,0.3,0.6,1.0,186.6,Plastic
2026-02-20T19:39:18.426291,51,518,114,9,8,40.5,27.071067690849304,0.6944710041711688,1.125,0.5625,0.9204545454545454,193.43055555555554,Plastic
2026-02-20T19:39:18.426465,51,71,105,3,18,34.0,38.0,0.29588407263726585,0.16666666666666666,0.6296296296296297,1.0,218.33333333333334,Other
2026-02-20T19:39:18.426668,51,98,87,6,22,72.0,48.485281229019165,0.38487749961061624,0.2727272727272727,0.5454545454545454,0.8470588235294118,199.77272727272728,Other
2026-02-20T19:39:18.426849,51,111,83,5,25,73.0,53.65685415267944,0.3186268062765875,0.2,0.584,0.874251497005988,192.872,Other
2026-02-20T19:39:18.426986,51,200,80,4,14,27.0,30.82842707633972,0.35700220180247266,0.2857142857142857,0.48214285714285715,0.8307692307692308,189.07142857142858,Other
2026-02-20T19:39:18.427103,51,128,71,4,3,6.0,10.0,0.7539822368615503,1.3333333333333333,0.5,1.0,200.66666666666666,Plastic
2026-02-20T19:39:18.427216,51,152,70,4,3,6.0,10.0,0.7539822368615503,1.3333333333333333,0.5,1.0,201.25,Plastic
2026-02-20T19:39:18.427344,51,83,62,5,20,52.0,43.65685415267944,0.34285329835695183,0.25,0.52,0.8455284552845529,201.49,Other
2026-02-20T19:39:18.427474,51,188,58,6,11,37.5,27.071067571640015,0.6430287132291386,0.5454545454545454,0.5681818181818182,0.9493670886075949,201.03030303030303,Plastic
2026-02-20T19:39:18.427610,51,493,38,5,4,11.0,12.828427076339722,0.8399544390775809,1.25,0.55,1.0,187.75,Plastic
2026-02-20T19:39:18.427744,51,507,0,4,3,5.5,9.41421353816986,0.7798381254407765,1.3333333333333333,0.4583333333333333,1.0,204.91666666666666,Plastic
2026-02-20T19:39:18.427999,51,479,0,9,13,56.0,35.31370830535889,0.5643015462265515,0.6923076923076923,0.47863247863247865,0.875,186.63247863247864,Plastic
2026-02-20T19:39:18.428138,51,457,0,13,6,42.5,31.071067690849304,0.5532054370832162,2.1666666666666665,0.5448717948717948,0.9042553191489362,194.28205128205127,Plastic
2026-02-20T19:39:18.450299,52,381,397,18,4,43.0,39.65685415267944,0.34359101582154106,4.5,0.5972222222222222,0.8958333333333334,198.44444444444446,Other
2026-02-20T19:39:18.450583,52,514,352,4,4,8.5,11.41421353816986,0.8198545354117053,1.0,0.53125,1.0,202.625,Plastic
2026-02-20T19:39:18.450793,52,582,347,4,4,9.0,12.0,0.7853981633974483,1.0,0.5625,1.0,193.0,Plastic
2026-02-20T19:39:18.451029,52,540,345,9,13,77.5,37.071067690849304,0.7086656423201675,0.6923076923076923,0.6623931623931624,0.9171597633136095,192.12820512820514,Plastic
2026-02-20T19:39:18.451279,52,515,343,4,5,11.5,13.41421353816986,0.8031141418478369,0.8,0.575,1.0,201.15,Plastic
2026-02-20T19:39:18.451544,52,551,337,9,20,82.0,52.97056245803833,0.36724386341727955,0.45,0.45555555555555555,0.7321428571428571,181.2111111111111,Other
2026-02-20T19:39:18.451793,52,505,334,5,5,15.5,15.41421353816986,0.8197828337686409,1.0,0.62,1.0,191.52,Plastic
2026-02-20T19:39:18.452028,52,595,329,10,6,35.5,25.071067690849304,0.7097290114272332,1.6666666666666667,0.5916666666666667,0.9342105263157895,182.3,Plastic
2026-02-20T19:39:18.452272,52,507,327,6,5,18.0,16.82842707633972,0.7987213968899363,1.2,0.6,0.972972972972973,194.0,Plastic
2026-02-20T19:39:18.452507,52,486,327,4,4,8.5,11.41421353816986,0.8198545354117053,1.0,0.53125,1.0,188.4375,Plastic
2026-02-20T19:39:18.452750,52,513,316,4,4,8.5,11.41421353816986,0.8198545354117053,1.0,0.53125,1.0,197.125,Plastic
2026-02-20T19:39:18.453004,52,543,315,20,18,234.0,69.4558436870575,0.6095483208458709,1.1111111111111112,0.65,0.8462929475587704,186.98055555555555,Other
2026-02-20T19:39:18.453281,52,230,313,6,10,31.0,24.485281109809875,0.6497725629217692,0.6,0.5166666666666667,0.8985507246376812,202.5,Plastic
2026-02-20T19:39:18.453487,52,487,312,5,4,12.0,14.0,0.7693696294505615,1.25,0.6,1.0,194.3,Plastic
2026-02-20T19:39:18.453636,52,478,309,5,4,11.5,13.41421353816986,0.8031141418478369,1.25,0.575,1.0,199.05,Plastic
2026-02-20T19:39:18.453790,52,488,306,5,3,8.0,12.0,0.6981317007977318,1.6666666666666667,0.5333333333333333,1.0,205.06666666666666,Plastic
2026-02-20T19:39:18.453910,52,543,304,4,3,6.0,10.0,0.7539822368615503,1.3333333333333333,0.5,1.0,194.83333333333334,Plastic
2026-02-20T19:39:18.454055,52,379,290,16,45,366.5,110.52691125869751,0.37700557798684464,0.35555555555555557,0.5090277777777777,0.8081587651598677,183.40694444444443,Other
2026-02-20T19:39:18.454193,52,133,154,4,7,17.5,17.41421353816986,0.7251705882634689,0.5714285714285714,0.625,1.0,189.53571428571428,Plastic
2026-02-20T19:39:18.454327,52,455,143,5,4,10.5,13.41421353816986,0.7332781295132426,1.25,0.525,0.9545454545454546,183.35,Plastic
2026-02-20T19:39:18.454459,52,72,141,5,12,33.5,28.242640614509583,0.5277692364094144,0.4166666666666667,0.5583333333333333,0.9054054054054054,204.65,Plastic
2026-02-20T19:39:18.454593,52,133,138,5,12,34.0,27.656854152679443,0.5585772224210525,0.4166666666666667,0.5666666666666667,0.9315068493150684,188.95,Plastic
2026-02-20T19:39:18.454774,52,110,120,5,7,21.0,18.82842707633972,0.7443909379207413,0.7142857142857143,0.6,0.9545454545454546,185.45714285714286,Plastic
2026-02-20T19:39:18.454926,52,518,114,9,7,40.0,25.656854152679443,0.7635949446159828,1.2857142857142858,0.6349206349206349,0.963855421686747,195.76190476190476,Plastic
2026-02-20T19:39:18.455063,52,71,104,3,20,38.0,42.0,0.2707041288807531,0.15,0.6333333333333333,1.0,216.28333333333333,Other
2026-02-20T19:39:18.455177,52,201,89,3,4,6.0,10.0,0.7539822368615503,0.75,0.5,1.0,200.16666666666666,Plastic
2026-02-20T19:39:18.455310,52,99,87,5,21,65.0,45.65685415267944,0.3918422411894179,0.23809523809523808,0.6190476190476191,0.935251798561151,210.54285714285714,Other
2026-02-20T19:39:18.455444,52,111,81,5,25,74.0,53.65685415267944,0.32299155704749966,0.2,0.592,0.8809523809523809,192.88,Other
2026-02-20T19:39:18.455581,52,129,70,3,4,6.0,10.0,0.7539822368615503,0.75,0.5,1.0,202.66666666666666,Plastic
2026-02-20T19:39:18.455712,52,152,69,4,4,8.5,11.41421353816986,0.8198545354117053,1.0,0.53125,1.0,195.9375,Plastic
2026-02-20T19:39:18.455879,52,83,61,5,21,54.0,45.65685415267944,0.32553047729582407,0.23809523809523808,0.5142857142857142,0.8503937007874016,199.3904761904762,Other
2026-02-20T19:39:18.456017,52,188,57,6,12,41.0,28.485281229019165,0.6349692554625865,0.5,0.5694444444444444,0.9534883720930233,199.0,Plastic
2026-02-20T19:39:18.456164,52,479,0,9,12,52.0,33.31370830535889,0.5887992527663789,0.75,0.48148148148148145,0.8813559322033898,187.4537037037037,Plastic
2026-02-20T19:39:18.456298,52,457,0,10,5,29.5,24.242640614509583,0.6307714576951765,2.0,0.59,0.9365079365079365,199.1,Plastic
2026-02-20T19:39:18.456429,52,188,0,8,6,19.5,23.41421353816986,0.44697715381625713,1.3333333333333333,0.40625,0.7222222222222222,180.9375,Other
2026-02-20T19:39:18.478220,53,381,397,16,4,34.0,34.82842707633972,0.35222571429939925,4.0,0.53125,0.8717948717948718,199.953125,Other
2026-02-20T19:39:18.478498,53,514,352,4,4,8.5,11.41421353816986,0.8198545354117053,1.0,0.53125,1.0,202.3125,Plastic
2026-02-20T19:39:18.478746,53,582,347,4,4,8.5,11.41421353816986,0.8198545354117053,1.0,0.53125,1.0,193.8125,Plastic
2026-02-20T19:39:18.478990,53,539,345,10,13,79.5,37.899494767189026,0.6955208469590315,0.7692307692307693,0.6115384615384616,0.888268156424581,190.26923076923077,Plastic
2026-02-20T19:39:18.479268,53,515,343,4,5,11.5,13.41421353816986,0.8031141418478369,0.8,0.575,1.0,203.2,Plastic
2026-02-20T19:39:18.479518,53,550,337,10,20,85.0,52.14213538169861,0.39287207798376417,0.5,0.425,0.7522123893805309,178.4,Other
2026-02-20T19:39:18.479789,53,505,334,6,6,21.5,18.242640614509583,0.8118446236640815,1.0,0.5972222222222222,0.9555555555555556,190.69444444444446,Plastic
2026-02-20T19:39:18.480057,53,594,329,11,7,40.5,29.071067571640015,0.6022030157541544,1.5714285714285714,0.525974025974026,0.8526315789473684,181.88311688311688,Plastic
2026-02-20T19:39:18.480318,53,507,327,6,5,18.0,16.82842707633972,0.7987213968899363,1.2,0.6,0.972972972972973,194.06666666666666,Plastic
2026-02-20T19:39:18.480543,53,513,317,4,3,6.0,10.0,0.7539822368615503,1.3333333333333333,0.5,1.0,203.66666666666666,Plastic
2026-02-20T19:39:18.480800,53,543,315,20,18,239.0,70.28427076339722,0.6079830597161557,1.1111111111111112,0.6638888888888889,0.8535714285714285,187.39444444444445,Other
2026-02-20T19:39:18.481047,53,230,314,6,9,28.0,22.485281109809875,0.6959391244437427,0.6666666666666666,0.5185185185185185,0.9180327868852459,205.88888888888889,Plastic
2026-02-20T19:39:18.481331,53,487,312,5,4,11.5,13.41421353816986,0.8031141418478369,1.25,0.575,1.0,194.8,Plastic
2026-02-20T19:39:18.481590,53,478,309,5,4,10.5,13.41421353816986,0.7332781295132426,1.25,0.525,0.9545454545454546,197.6,Plastic
2026-02-20T19:39:18.481788,53,488,306,5,3,8.0,12.0,0.6981317007977318,1.6666666666666667,0.5333333333333333,1.0,208.53333333333333,Plastic
2026-02-20T19:39:18.481972,53,543,304,5,3,8.0,12.0,0.6981317007977318,1.6666666666666667,0.5333333333333333,1.0,196.26666666666668,Plastic
2026-02-20T19:39:18.482161,53,379,290,16,45,359.0,111.11269783973694,0.3654070545874266,0.35555555555555557,0.4986111111111111,0.7933701657458564,183.28333333333333,Other
2026-02-20T19:39:18.482346,53,133,154,4,6,14.5,15.41421353816986,0.7668936186867932,0.6666666666666666,0.6041666666666666,1.0,191.33333333333334,Plastic
2026-02-20T19:39:18.482519,53,455,143,4,4,8.5,11.41421353816986,0.8198545354117053,1.0,0.53125,1.0,183.9375,Plastic
2026-02-20T19:39:18.482681,53,72,141,5,11,33.5,26.242640614509583,0.6112791815381348,0.45454545454545453,0.6090909090909091,0.9436619718309859,207.72727272727272,Plastic
2026-02-20T19:39:18.482839,53,133,138,5,11,31.0,25.656854152679443,0.5917860820773866,0.45454545454545453,0.5636363636363636,0.9253731343283582,190.65454545454546,Plastic
2026-02-20T19:39:18.482980,53,110,117,5,10,28.5,25.41421353816986,0.554499775524512,0.5,0.57,0.890625,185.84,Plastic
2026-02-20T19:39:18.483315,53,518,113,9,8,43.0,26.485281229019165,0.7703163964362449,1.125,0.5972222222222222,0.9347826086956522,194.81944444444446,Plastic
2026-02-20T19:39:18.483530,53,599,103,5,3,8.0,12.0,0.6981317007977318,1.6666666666666667,0.5333333333333333,1.0,185.6,Plastic
2026-02-20T19:39:18.483736,53,71,103,3,20,38.0,42.0,0.2707041288807531,0.15,0.6333333333333333,1.0,216.26666666666668,Other
2026-02-20T19:39:18.483915,53,201,87,3,5,8.0,12.0,0.6981317007977318,0.6,0.5333333333333333,1.0,201.26666666666668,Plastic
2026-02-20T19:39:18.484091,53,99,87,5,21,67.0,45.65685415267944,0.4038989255337077,0.23809523809523808,0.638095238095238,0.9436619718309859,212.02857142857144,Other
2026-02-20T19:39:18.484231,53,111,82,5,23,69.0,49.65685415267944,0.3516418443005359,0.21739130434782608,0.6,0.8903225806451613,193.91304347826087,Other
2026-02-20T19:39:18.484446,53,130,80,3,5,8.0,12.0,0.6981317007977318,0.6,0.5333333333333333,1.0,187.6,Plastic
2026-02-20T19:39:18.484587,53,200,79,3,4,6.0,10.0,0.7539822368615503,0.75,0.5,1.0,192.08333333333334,Plastic
2026-02-20T19:39:18.484704,53,152,69,4,3,6.0,10.0,0.7539822368615503,1.3333333333333333,0.5,1.0,201.58333333333334,Plastic
2026-02-20T19:39:18.484837,53,83,60,5,21,53.0,45.65685415267944,0.31950213512367925,0.23809523809523808,0.5047619047619047,0.8346456692913385,199.95238095238096,Other
2026-02-20T19:39:18.484972,53,188,57,6,11,37.0,26.485281109809875,0.6628303935979386,0.5454545454545454,0.5606060606060606,0.961038961038961,199.9090909090909,Plastic
2026-02-20T19:39:18.485089,53,494,37,4,3,6.0,10.0,0.7539822368615503,1.3333333333333333,0.5,1.0,187.08333333333334,Plastic
2026-02-20T19:39:18.485227,53,479,0,9,12,52.0,33.31370830535889,0.5887992527663789,0.75,0.48148148148148145,0.8888888888888888,186.52777777777777,Plastic
2026-02-20T19:39:18.485357,53,457,0,10,5,27.5,24.242640614509583,0.5880072910717749,2.0,0.55,0.9016393442622951,198.06,Plastic
2026-02-20T19:39:18.514691,54,381,398,17,3,32.0,36.0,0.310280755910103,5.666666666666667,0.6274509803921569,1.0,204.8235294117647,Other
2026-02-20T19:39:18.514917,54,514,352,4,4,8.5,11.41421353816986,0.8198545354117053,1.0,0.53125,1.0,202.25,Plastic
2026-02-20T19:39:18.515109,54,581,347,4,4,8.5,11.41421353816986,0.8198545354117053,1.0,0.53125,1.0,195.4375,Plastic
2026-02-20T19:39:18.515313,54,539,345,10,13,79.0,37.31370830535889,0.713017404514448,0.7692307692307693,0.6076923076923076,0.8876404494382022,190.1769230769231,Plastic
2026-02-20T19:39:18.515513,54,515,343,4,5,11.5,13.41421353816986,0.8031141418478369,0.8,0.575,1.0,204.7,Plastic
2026-02-20T19:39:18.515742,54,550,336,10,21,98.5,54.38477599620819,0.4184960915757008,0.47619047619047616,0.46904761904761905,0.8073770491803278,178.86666666666667,Other
2026-02-20T19:39:18.515989,54,505,334,6,5,18.0,16.82842707633972,0.7987213968899363,1.2,0.6,1.0,191.53333333333333,Plastic
2026-02-20T19:39:18.516245,54,600,329,4,5,11.0,12.828427076339722,0.8399544390775809,0.8,0.55,1.0,183.0,Plastic
2026-02-20T19:39:18.516491,54,507,327,6,5,18.0,16.82842707633972,0.7987213968899363,1.2,0.6,0.972972972972973,194.66666666666666,Plastic
2026-02-20T19:39:18.516680,54,513,317,4,3,6.0,10.0,0.7539822368615503,1.3333333333333333,0.5,1.0,204.25,Plastic
2026-02-20T19:39:18.516865,54,543,315,20,18,235.0,68.62741661071777,0.6270214886533152,1.1111111111111112,0.6527777777777778,0.8561020036429873,187.49444444444444,Other
2026-02-20T19:39:18.517075,54,230,314,6,9,28.0,22.485281109809875,0.6959391244437427,0.6666666666666666,0.5185185185185185,0.9180327868852459,206.40740740740742,Plastic
2026-02-20T19:39:18.517257,54,478,309,5,4,10.5,13.41421353816986,0.7332781295132426,1.25,0.525,0.9545454545454546,196.3,Plastic
2026-02-20T19:39:18.517453,54,487,306,6,10,31.5,29.071067690849304,0.46838011952304814,0.6,0.525,0.7682926829268293,190.45,Plastic
2026-02-20T19:39:18.517629,54,543,304,5,3,8.0,12.0,0.6981317007977318,1.6666666666666667,0.5333333333333333,1.0,196.8,Plastic
2026-02-20T19:39:18.517814,54,379,290,15,45,356.5,109.69848430156708,0.3722786618919303,0.3333333333333333,0.5281481481481481,0.7922222222222223,184.42962962962963,Other
2026-02-20T19:39:18.518014,54,133,154,4,7,17.5,17.41421353816986,0.7251705882634689,0.5714285714285714,0.625,1.0,191.89285714285714,Plastic
2026-02-20T19:39:18.518269,54,72,141,5,11,32.5,26.242640614509583,0.5930320417907278,0.45454545454545453,0.5909090909090909,0.9285714285714286,207.5818181818182,Plastic
2026-02-20T19:39:18.518511,54,133,138,4,10,26.0,22.82842707633972,0.6269475859030688,0.4,0.65,1.0,195.625,Plastic
2026-02-20T19:39:18.518667,54,110,121,5,7,21.0,18.82842707633972,0.7443909379207413,0.7142857142857143,0.6,0.9545454545454546,186.34285714285716,Plastic
2026-02-20T19:39:18.518813,54,518,113,9,8,43.5,27.071067690849304,0.7459133007764406,1.125,0.6041666666666666,0.925531914893617,195.30555555555554,Plastic
2026-02-20T19:39:18.518958,54,597,103,5,4,9.0,12.828427076339722,0.6872354501543845,1.25,0.45,0.9,183.7,Plastic
2026-02-20T19:39:18.519080,54,71,103,3,19,36.0,40.0,0.2827433388230814,0.15789473684210525,0.631578947368421,1.0,217.42105263157896,Other
2026-02-20T19:39:18.519199,54,201,89,3,4,6.0,10.0,0.7539822368615503,0.75,0.5,1.0,200.75,Plastic
2026-02-20T19:39:18.519332,54,98,87,6,21,69.0,46.485281229019165,0.4012619961701992,0.2857142857142857,0.5476190476190477,0.8571428571428571,200.15079365079364,Other
2026-02-20T19:39:18.519466,54,111,81,5,24,72.0,51.65685415267944,0.33906772418690423,0.20833333333333334,0.6,0.8888888888888888,194.00833333333333,Other
2026-02-20T19:39:18.519584,54,129,70,3,4,6.0,10.0,0.7539822368615503,0.75,0.5,1.0,207.16666666666666,Plastic
2026-02-20T19:39:18.519711,54,152,69,5,4,10.5,13.41421353816986,0.7332781295132426,1.25,0.525,0.9545454545454546,195.0,Plastic
2026-02-20T19:39:18.519841,54,83,61,5,20,53.0,43.65685415267944,0.34944663101766243,0.25,0.53,0.8548387096774194,201.62,Other
2026-02-20T19:39:18.519974,54,188,57,6,12,40.5,29.071067690849304,0.6022030108153476,0.5,0.5625,0.9310344827586207,198.40277777777777,Plastic
2026-02-20T19:39:18.520117,54,479,0,9,12,53.0,33.31370830535889,0.6001223153195785,0.75,0.49074074074074076,0.905982905982906,186.72222222222223,Plastic
2026-02-20T19:39:18.520250,54,457,0,13,5,31.5,30.242640614509583,0.43279377007753056,2.6,0.4846153846153846,0.8289473684210527,194.44615384615383,Other
2026-02-20T19:39:18.560040,55,380,398,15,4,32.0,32.82842707633972,0.3731295917827639,3.75,0.5333333333333333,0.8767123287671232,196.98333333333332,Other
2026-02-20T19:39:18.560347,55,514,351,4,5,11.0,12.828427076339722,0.8399544390775809,0.8,0.55,1.0,202.15,Plastic
2026-02-20T19:39:18.560631,55,581,347,4,4,8.5,11.41421353816986,0.8198545354117053,1.0,0.53125,1.0,198.125,Plastic
2026-02-20T19:39:18.560896,55,539,345,10,13,79.5,37.899494767189026,0.6955208469590315,0.7692307692307693,0.6115384615384616,0.8833333333333333,190.44615384615383,Plastic
2026-02-20T19:39:18.561157,55,514,343,5,5,14.0,14.828427076339722,0.8001063703614795,1.0,0.56,0.9655172413793104,204.0,Plastic
2026-02-20T19:39:18.561404,55,550,337,10,20,99.5,51.55634891986847,0.4704014332754342,0.5,0.4975,0.8361344537815126,178.76,Plastic
2026-02-20T19:39:18.561641,55,505,334,6,5,18.0,16.82842707633972,0.7987213968899363,1.2,0.6,1.0,191.23333333333332,Plastic
2026-02-20T19:39:18.561808,55,594,328,11,7,30.0,28.485281229019165,0.4646116503384779,1.5714285714285714,0.38961038961038963,0.7317073170731707,182.03896103896105,Plastic
2026-02-20T19:39:18.561960,55,506,327,7,5,20.0,18.82842707633972,0.708943750400706,1.4,0.5714285714285714,0.9302325581395349,194.57142857142858,Plastic
2026-02-20T19:39:18.562097,55,486,327,4,3,6.0,10.0,0.7539822368615503,1.3333333333333333,0.5,1.0,189.16666666666666,Plastic
2026-02-20T19:39:18.562231,55,512,317,5,3,8.0,12.0,0.6981317007977318,1.6666666666666667,0.5333333333333333,1.0,201.66666666666666,Plastic
2026-02-20T19:39:18.562377,55,543,315,20,18,233.0,71.11269772052765,0.5789905513859976,1.1111111111111112,0.6472222222222223,0.8351254480286738,187.25555555555556,Other
2026-02-20T19:39:18.562519,55,230,314,7,9,29.5,25.071067690849304,0.5897748123127712,0.7777777777777778,0.46825396825396826,0.8082191780821918,194.47619047619048,Plastic
2026-02-20T19:39:18.562796,55,478,309,5,3,8.0,12.0,0.6981317007977318,1.6666666666666667,0.5333333333333333,1.0,201.2,Plastic
2026-02-20T19:39:18.562940,55,487,306,6,10,32.0,29.656854152679443,0.4572036402065597,0.6,0.5333333333333333,0.7710843373493976,191.28333333333333,Plastic
2026-02-20T19:39:18.563133,55,543,304,4,3,6.0,10.0,0.7539822368615503,1.3333333333333333,0.5,1.0,196.16666666666666,Plastic
2026-02-20T19:39:18.563375,55,378,291,16,45,356.0,109.94112479686737,0.37011740644835,0.35555555555555557,0.49444444444444446,0.7566418703506907,183.68472222222223,Other
2026-02-20T19:39:18.563583,55,133,154,4,8,20.0,18.82842707633972,0.708943750400706,0.5,0.625,1.0,191.53125,Plastic
2026-02-20T19:39:18.563764,55,195,146,3,9,16.0,20.0,0.5026548245743669,0.3333333333333333,0.5925925925925926,1.0,186.7037037037037,Plastic
2026-02-20T19:39:18.563906,55,72,141,5,12,33.5,28.242640614509583,0.5277692364094144,0.4166666666666667,0.5583333333333333,0.9054054054054054,206.66666666666666,Plastic
2026-02-20T19:39:18.564096,55,133,138,5,10,29.0,23.656854152679443,0.6511692399849373,0.5,0.58,0.9354838709677419,193.2,Plastic
2026-02-20T19:39:18.564238,55,112,120,3,8,14.0,18.0,0.5429913228426803,0.375,0.5833333333333334,1.0,187.54166666666666,Plastic
2026-02-20T19:39:18.564371,55,518,113,9,8,43.5,27.071067690849304,0.7459133007764406,1.125,0.6041666666666666,0.925531914893617,195.79166666666666,Plastic
2026-02-20T19:39:18.564489,55,71,104,3,19,36.0,40.0,0.2827433388230814,0.15789473684210525,0.631578947368421,1.0,217.96491228070175,Other
2026-02-20T19:39:18.564640,55,597,102,6,5,14.0,15.656854152679443,0.7176767676094516,1.2,0.4666666666666667,0.9333333333333333,182.13333333333333,Plastic
2026-02-20T19:39:18.564780,55,201,88,3,6,10.0,14.0,0.641141357875468,0.5,0.5555555555555556,1.0,196.72222222222223,Plastic
2026-02-20T19:39:18.564911,55,98,87,6,21,69.5,47.071067690849304,0.3941727252227925,0.2857142857142857,0.5515873015873016,0.852760736196319,201.84126984126985,Other
2026-02-20T19:39:18.565067,55,111,81,5,26,75.0,55.65685415267944,0.30425226259738414,0.19230769230769232,0.5769230769230769,0.8670520231213873,192.96923076923076,Other
2026-02-20T19:39:18.565205,55,129,80,4,5,10.5,13.41421353816986,0.7332781295132426,0.8,0.525,0.9545454545454546,186.85,Plastic
2026-02-20T19:39:18.565319,55,129,70,3,4,6.0,10.0,0.7539822368615503,0.75,0.5,1.0,207.33333333333334,Plastic
2026-02-20T19:39:18.565449,55,83,61,5,20,46.0,43.65685415267944,0.30329330239268815,0.25,0.46,0.7931034482758621,202.06,Other
2026-02-20T19:39:18.565582,55,188,57,6,12,40.0,28.485281109809875,0.6194822056362999,0.5,0.5555555555555556,0.9523809523809523,199.09722222222223,Plastic
2026-02-20T19:39:18.565723,55,479,0,9,12,52.0,33.31370830535889,0.5887992527663789,0.75,0.48148148148148145,0.8739495798319328,187.0462962962963,Plastic
2026-02-20T19:39:18.565854,55,457,0,14,5,33.5,32.24264061450958,0.4049425990740917,2.8,0.4785714285714286,0.8170731707317073,194.5,Other
2026-02-20T19:39:18.589595,56,380,398,16,4,33.0,34.82842707633972,0.341866134467064,4.0,0.515625,0.8571428571428571,197.609375,Other
2026-02-20T19:39:18.589836,56,514,352,4,4,8.5,11.41421353816986,0.8198545354117053,1.0,0.53125,1.0,202.5625,Plastic
2026-02-20T19:39:18.590039,56,581,347,4,4,8.5,11.41421353816986,0.8198545354117053,1.0,0.53125,1.0,198.5,Plastic
2026-02-20T19:39:18.590227,56,539,345,10,13,79.0,37.31370830535889,0.713017404514448,0.7692307692307693,0.6076923076923076,0.8926553672316384,190.1,Plastic
2026-02-20T19:39:18.590447,56,514,343,5,5,14.0,14.828427076339722,0.8001063703614795,1.0,0.56,0.9655172413793104,203.0,Plastic
2026-02-20T19:39:18.590671,56,550,337,10,20,97.0,52.97056245803833,0.43442261892044043,0.5,0.485,0.776,178.95,Other
2026-02-20T19:39:18.590904,56,595,329,9,6,31.5,23.071067690849304,0.7436781659348073,1.5,0.5833333333333334,0.9545454545454546,182.77777777777777,Plastic
2026-02-20T19:39:18.591164,56,504,327,9,12,42.5,41.899494767189026,0.3042154186066493,0.75,0.39351851851851855,0.5985915492957746,182.97222222222223,Other
2026-02-20T19:39:18.591418,56,485,327,4,4,8.5,11.41421353816986,0.8198545354117053,1.0,0.53125,1.0,187.125,Plastic
2026-02-20T19:39:18.591667,56,512,317,5,3,8.0,12.0,0.6981317007977318,1.6666666666666667,0.5333333333333333,1.0,204.13333333333333,Plastic
2026-02-20T19:39:18.591918,56,543,315,20,18,228.0,70.28427064418793,0.5800005777636456,1.1111111111111112,0.6333333333333333,0.8336380255941499,187.39166666666668,Other
2026-02-20T19:39:18.592075,56,230,314,7,9,30.5,25.071067690849304,0.6097671788318482,0.7777777777777778,0.48412698412698413,0.8243243243243243,194.55555555555554,Plastic
2026-02-20T19:39:18.592199,56,479,309,4,3,6.0,10.0,0.7539822368615503,1.3333333333333333,0.5,1.0,201.83333333333334,Plastic
2026-02-20T19:39:18.592336,56,487,306,5,10,25.5,29.071067690849304,0.3791648586615151,0.5,0.51,0.7183098591549296,192.72,Other
2026-02-20T19:39:18.592452,56,543,304,4,3,6.0,10.0,0.7539822368615503,1.3333333333333333,0.5,1.0,196.58333333333334,Plastic
2026-02-20T19:39:18.592594,56,378,291,15,45,355.0,110.28427076339722,0.36678457680343907,0.3333333333333333,0.5259259259259259,0.8040770101925255,185.01777777777778,Other
2026-02-20T19:39:18.592733,56,133,154,4,8,20.0,18.82842707633972,0.708943750400706,0.5,0.625,1.0,192.84375,Plastic
2026-02-20T19:39:18.592866,56,195,146,3,9,16.0,20.0,0.5026548245743669,0.3333333333333333,0.5925925925925926,1.0,186.74074074074073,Plastic
2026-02-20T19:39:18.592998,56,72,141,5,12,32.5,28.242640614509583,0.5120149308449543,0.4166666666666667,0.5416666666666666,0.8904109589041096,206.9,Plastic
2026-02-20T19:39:18.593169,56,133,139,5,11,29.5,26.242640614509583,0.5382906225485067,0.45454545454545453,0.5363636363636364,0.8805970149253731,189.98181818181817,Plastic
2026-02-20T19:39:18.593353,56,112,120,3,8,14.0,18.0,0.5429913228426803,0.375,0.5833333333333334,1.0,187.70833333333334,Plastic
2026-02-20T19:39:18.593490,56,517,113,10,8,40.5,27.899494767189026,0.6538410899097808,1.25,0.50625,0.8526315789473684,194.025,Plastic
2026-02-20T19:39:18.593622,56,71,104,3,20,38.0,42.0,0.2707041288807531,0.15,0.6333333333333333,1.0,217.86666666666667,Other
2026-02-20T19:39:18.593755,56,597,103,4,4,8.0,10.828427076339722,0.8573716100878628,1.0,0.5,1.0,185.9375,Plastic
2026-02-20T19:39:18.593886,56,201,90,3,5,8.0,12.0,0.6981317007977318,0.6,0.5333333333333333,1.0,195.8,Plastic
2026-02-20T19:39:18.594017,56,98,86,6,22,70.5,49.071067690849304,0.36791539946755414,0.2727272727272727,0.5340909090909091,0.834319526627219,201.87121212121212,Other
2026-02-20T19:39:18.594150,56,111,82,5,28,78.0,59.65685415267944,0.2754125778418793,0.17857142857142858,0.5571428571428572,0.8478260869565217,191.6642857142857,Other
2026-02-20T19:39:18.594326,56,129,80,4,5,10.5,13.41421353816986,0.7332781295132426,0.8,0.525,0.9545454545454546,187.55,Plastic
2026-02-20T19:39:18.594463,56,128,70,4,4,8.5,11.41421353816986,0.8198545354117053,1.0,0.53125,1.0,200.375,Plastic
2026-02-20T19:39:18.594625,56,83,62,5,20,46.5,44.24264061450958,0.29852502073959114,0.25,0.465,0.7948717948717948,201.66,Other
2026-02-20T19:39:18.594759,56,187,57,7,12,41.5,29.899494647979736,0.5833514270049488,0.5833333333333334,0.49404761904761907,0.8736842105263158,193.35714285714286,Plastic
2026-02-20T19:39:18.594877,56,468,40,4,3,6.0,10.0,0.7539822368615503,1.3333333333333333,0.5,1.0,192.33333333333334,Plastic
2026-02-20T19:39:18.595010,56,493,37,5,4,11.5,13.41421353816986,0.8031141418478369,1.25,0.575,1.0,188.5,Plastic
2026-02-20T19:39:18.595152,56,233,26,5,3,8.0,12.0,0.6981317007977318,1.6666666666666667,0.5333333333333333,1.0,187.8,Plastic
2026-02-20T19:39:18.595301,56,479,0,8,12,53.0,32.485281229019165,0.631120768536899,0.6666666666666666,0.5520833333333334,0.8907563025210085,189.53125,Plastic
2026-02-20T19:39:18.595436,56,456,0,15,5,38.5,34.24264061450958,0.4126065308934725,3.0,0.5133333333333333,0.8461538461538461,194.41333333333333,Other
2026-02-20T19:39:18.622103,57,380,398,16,4,33.0,34.82842707633972,0.341866134467064,4.0,0.515625,0.8571428571428571,198.234375,Other
2026-02-20T19:39:18.622384,57,514,351,4,5,11.0,12.828427076339722,0.8399544390775809,0.8,0.55,1.0,201.65,Plastic
2026-02-20T19:39:18.622736,57,582,347,3,4,6.0,10.0,0.7539822368615503,0.75,0.5,1.0,198.66666666666666,Plastic
2026-02-20T19:39:18.622992,57,539,345,9,13,74.5,35.899494767189026,0.7264227947418196,0.6923076923076923,0.6367521367521367,0.9197530864197531,192.98290598290598,Plastic
2026-02-20T19:39:18.623231,57,550,344,10,13,69.5,37.899494767189026,0.608033947970474,0.7692307692307693,0.5346153846153846,0.852760736196319,184.8153846153846,Plastic
2026-02-20T19:39:18.623474,57,514,343,5,5,14.0,14.828427076339722,0.8001063703614795,1.0,0.56,0.9655172413793104,202.32,Plastic
2026-02-20T19:39:18.623642,57,555,336,4,5,12.0,14.0,0.7693696294505615,0.8,0.6,1.0,185.7,Plastic
2026-02-20T19:39:18.623853,57,596,329,9,6,31.5,23.071067690849304,0.7436781659348073,1.5,0.5833333333333334,0.9402985074626866,182.55555555555554,Plastic
2026-02-20T19:39:18.624055,57,504,327,9,12,41.0,40.485281229019165,0.3143398198144846,0.75,0.37962962962962965,0.6029411764705882,183.21296296296296,Other
2026-02-20T19:39:18.624235,57,485,327,4,4,8.0,10.828427076339722,0.8573716100878628,1.0,0.5,1.0,188.1875,Plastic
2026-02-20T19:39:18.624406,57,512,317,5,3,8.0,12.0,0.6981317007977318,1.6666666666666667,0.5333333333333333,1.0,201.26666666666668,Plastic
2026-02-20T19:39:18.624589,57,543,315,20,17,233.0,69.4558436870575,0.6069434134918287,1.1764705882352942,0.6852941176470588,0.8613678373382625,188.56764705882352,Other
2026-02-20T19:39:18.624855,57,230,314,7,9,30.5,25.071067690849304,0.6097671788318482,0.7777777777777778,0.48412698412698413,0.8243243243243243,194.47619047619048,Plastic
2026-02-20T19:39:18.625044,57,487,312,5,4,11.0,12.828427076339722,0.8399544390775809,1.25,0.55,1.0,195.2,Plastic
2026-02-20T19:39:18.625245,57,487,306,5,3,8.0,12.0,0.6981317007977318,1.6666666666666667,0.5333333333333333,1.0,209.8,Plastic
2026-02-20T19:39:18.625444,57,543,304,5,3,8.0,12.0,0.6981317007977318,1.6666666666666667,0.5333333333333333,1.0,194.2,Plastic
2026-02-20T19:39:18.625607,57,377,291,16,45,355.0,110.28427064418793,0.36678457759637406,0.35555555555555557,0.4930555555555556,0.7725788900979326,183.51666666666668,Other
2026-02-20T19:39:18.625771,57,133,153,4,9,21.0,20.82842707633972,0.6082977507177038,0.4444444444444444,0.5833333333333334,0.9545454545454546,191.08333333333334,Plastic
2026-02-20T19:39:18.625912,57,72,141,5,11,30.0,25.656854152679443,0.572696208461987,0.45454545454545453,0.5454545454545454,0.8955223880597015,209.76363636363635,Plastic
2026-02-20T19:39:18.626051,57,133,139,5,10,29.5,24.242640614509583,0.6307714576951765,0.5,0.59,0.9516129032258065,191.42,Plastic
2026-02-20T19:39:18.626189,57,112,119,3,8,14.0,18.0,0.5429913228426803,0.375,0.5833333333333334,1.0,187.25,Plastic
2026-02-20T19:39:18.626322,57,517,113,10,8,40.0,28.485281229019165,0.619482200451304,1.25,0.5,0.8421052631578947,193.925,Plastic
2026-02-20T19:39:18.626452,57,71,105,3,17,32.0,36.0,0.310280755910103,0.17647058823529413,0.6274509803921569,1.0,222.2941176470588,Other
2026-02-20T19:39:18.626586,57,597,103,4,4,8.0,10.828427076339722,0.8573716100878628,1.0,0.5,1.0,184.8125,Plastic
2026-02-20T19:39:18.626736,57,98,86,6,23,74.0,50.485281229019165,0.36484804549293387,0.2608695652173913,0.5362318840579711,0.8457142857142858,201.96376811594203,Other
2026-02-20T19:39:18.626872,57,111,81,5,34,92.0,71.65685415267944,0.22515532118635775,0.14705882352941177,0.5411764705882353,0.8288288288288288,189.41764705882352,Other
2026-02-20T19:39:18.627009,57,199,80,4,4,8.0,10.828427076339722,0.8573716100878628,1.0,0.5,1.0,192.9375,Plastic
2026-02-20T19:39:18.627136,57,129,80,4,5,10.5,13.41421353816986,0.7332781295132426,0.8,0.525,0.9545454545454546,188.1,Plastic
2026-02-20T19:39:18.627265,57,128,70,4,4,8.5,11.41421353816986,0.8198545354117053,1.0,0.53125,1.0,201.1875,Plastic
2026-02-20T19:39:18.627406,57,83,62,5,19,44.0,41.65685415267944,0.3186321551378448,0.2631578947368421,0.4631578947368421,0.7927927927927928,203.93684210526317,Other
2026-02-20T19:39:18.627571,57,188,58,6,12,40.0,28.485281109809875,0.6194822056362999,0.5,0.5555555555555556,0.9523809523809523,198.5,Plastic
2026-02-20T19:39:18.627702,57,450,55,4,4,9.0,12.0,0.7853981633974483,1.0,0.5625,1.0,184.0,Plastic
2026-02-20T19:39:18.627836,57,493,37,4,4,8.5,11.41421353816986,0.8198545354117053,1.0,0.53125,1.0,189.0625,Plastic
2026-02-20T19:39:18.627945,57,234,26,4,3,6.0,10.0,0.7539822368615503,1.3333333333333333,0.5,1.0,188.58333333333334,Plastic
2026-02-20T19:39:18.628081,57,478,0,9,12,52.5,33.899494767189026,0.5740936143615216,0.75,0.4861111111111111,0.8467741935483871,187.15740740740742,Plastic
2026-02-20T19:39:18.628210,57,456,0,15,5,37.5,34.24264061450958,0.4018894781429927,3.0,0.5,0.8241758241758241,193.33333333333334,Other
2026-02-20T19:39:18.657761,58,379,398,17,4,35.0,36.82842707633972,0.3242735804807378,4.25,0.5147058823529411,0.8536585365853658,198.9558823529412,Other
2026-02-20T19:39:18.658040,58,514,351,4,5,11.0,12.828427076339722,0.8399544390775809,0.8,0.55,1.0,199.35,Plastic
2026-02-20T19:39:18.658246,58,582,347,3,4,6.0,10.0,0.7539822368615503,0.75,0.5,1.0,199.33333333333334,Plastic
2026-02-20T19:39:18.658512,58,539,345,10,13,78.5,37.899494767189026,0.6867721570601757,0.7692307692307693,0.6038461538461538,0.8870056497175142,189.26923076923077,Plastic
2026-02-20T19:39:18.658771,58,550,344,10,12,67.0,36.485281229019165,0.6324836021569007,0.8333333333333334,0.5583333333333333,0.8535031847133758,186.66666666666666,Plastic
2026-02-20T19:39:18.659066,58,514,343,5,4,11.0,12.828427076339722,0.8399544390775809,1.25,0.55,1.0,205.4,Plastic
2026-02-20T19:39:18.659238,58,555,336,5,5,14.5,15.41421353816986,0.7668936186867932,1.0,0.58,0.9666666666666667,185.8,Plastic
2026-02-20T19:39:18.659379,58,504,334,7,5,20.5,18.242640614509583,0.7740844086099381,1.4,0.5857142857142857,0.9534883720930233,191.71428571428572,Plastic
2026-02-20T19:39:18.659520,58,594,328,10,7,30.0,25.313708186149597,0.5883280841509939,1.4285714285714286,0.42857142857142855,0.8450704225352113,181.7,Plastic
2026-02-20T19:39:18.659655,58,506,327,7,5,20.5,18.242640614509583,0.7740844086099381,1.4,0.5857142857142857,0.9534883720930233,196.45714285714286,Plastic
2026-02-20T19:39:18.659772,58,486,327,4,3,6.0,10.0,0.7539822368615503,1.3333333333333333,0.5,1.0,193.33333333333334,Plastic
2026-02-20T19:39:18.659910,58,512,316,5,4,11.0,12.828427076339722,0.8399544390775809,1.25,0.55,1.0,197.55,Plastic
2026-02-20T19:39:18.660051,58,543,315,20,17,234.0,69.4558436870575,0.6095483208458709,1.1764705882352942,0.6882352941176471,0.8634686346863468,188.79705882352943,Other
2026-02-20T19:39:18.660189,58,230,314,7,9,30.5,25.071067690849304,0.6097671788318482,0.7777777777777778,0.48412698412698413,0.8243243243243243,194.73015873015873,Plastic
2026-02-20T19:39:18.660324,58,486,312,6,4,13.5,15.41421353816986,0.7140044036049453,1.5,0.5625,0.9642857142857143,194.04166666666666,Plastic
2026-02-20T19:39:18.660456,58,487,306,5,3,8.0,12.0,0.6981317007977318,1.6666666666666667,0.5333333333333333,1.0,206.46666666666667,Plastic
2026-02-20T19:39:18.660590,58,543,303,4,4,8.5,11.41421353816986,0.8198545354117053,1.0,0.53125,1.0,192.5,Plastic
2026-02-20T19:39:18.660730,58,377,291,16,45,351.5,110.5269113779068,0.361575608121477,0.35555555555555557,0.48819444444444443,0.7811111111111111,183.04305555555555,Other
2026-02-20T19:39:18.660872,58,570,142,6,4,12.5,15.41421353816986,0.6611151885230976,1.5,0.5208333333333334,0.9259259259259259,181.91666666666666,Plastic
2026-02-20T19:39:18.661027,58,72,141,5,11,29.0,25.656854152679443,0.5536063348465875,0.45454545454545453,0.5272727272727272,0.8787878787878788,209.4909090909091,Plastic
2026-02-20T19:39:18.661171,58,133,139,5,23,59.5,51.071067690849304,0.28666650733804333,0.21739130434782608,0.5173913043478261,0.7677419354838709,187.76521739130436,Other
2026-02-20T19:39:18.661303,58,112,119,3,5,8.0,12.0,0.6981317007977318,0.6,0.5333333333333333,1.0,187.13333333333333,Plastic
2026-02-20T19:39:18.661434,58,518,112,9,9,40.0,27.313708186149597,0.6737651209996283,1.0,0.49382716049382713,0.8791208791208791,193.82716049382717,Plastic
2026-02-20T19:39:18.661568,58,70,106,4,16,33.0,34.82842707633972,0.341866134467064,0.25,0.515625,0.8571428571428571,207.015625,Other
2026-02-20T19:39:18.662029,58,594,103,7,6,16.0,19.656854152679443,0.5203574969632394,1.1666666666666667,0.38095238095238093,0.8,183.54761904761904,Plastic
2026-02-20T19:39:18.662180,58,98,86,6,23,73.0,50.485281229019165,0.35991766649978607,0.2608695652173913,0.5289855072463768,0.8390804597701149,202.4927536231884,Other
2026-02-20T19:39:18.662319,58,111,82,5,22,66.0,47.65685415267944,0.36517669818231563,0.22727272727272727,0.6,0.8918918918918919,194.45454545454547,Other
2026-02-20T19:39:18.662436,58,129,80,4,4,9.0,12.0,0.7853981633974483,1.0,0.5625,1.0,188.625,Plastic
2026-02-20T19:39:18.662563,58,128,69,4,5,10.5,13.41421353816986,0.7332781295132426,0.8,0.525,0.9545454545454546,197.95,Plastic
2026-02-20T19:39:18.662692,58,83,61,5,20,49.0,43.65685415267944,0.32307330037481996,0.25,0.49,0.8235294117647058,203.02,Other
2026-02-20T19:39:18.662824,58,187,58,7,11,39.5,27.899494647979736,0.6376968709170815,0.6363636363636364,0.512987012987013,0.8977272727272727,194.66233766233765,Plastic
2026-02-20T19:39:18.662959,58,493,37,4,4,8.5,11.41421353816986,0.8198545354117053,1.0,0.53125,1.0,189.75,Plastic
2026-02-20T19:39:18.663096,58,230,26,7,3,12.0,16.0,0.5890486225480862,2.3333333333333335,0.5714285714285714,1.0,186.42857142857142,Plastic
2026-02-20T19:39:18.663240,58,478,0,9,12,53.0,33.31370830535889,0.6001223153195785,0.75,0.49074074074074076,0.8907563025210085,187.57407407407408,Plastic
2026-02-20T19:39:18.663376,58,456,0,13,5,34.0,30.82842707633972,0.4495583281957064,2.6,0.5230769230769231,0.8395061728395061,195.41538461538462,Other
2026-02-20T19:39:18.686956,59,379,399,17,3,32.0,36.0,0.310280755910103,5.666666666666667,0.6274509803921569,1.0,205.7058823529412,Other
2026-02-20T19:39:18.687289,59,514,351,4,5,11.5,13.41421353816986,0.8031141418478369,0.8,0.575,1.0,200.2,Plastic
2026-02-20T19:39:18.687519,59,582,347,3,4,6.0,10.0,0.7539822368615503,0.75,0.5,1.0,199.0,Plastic
2026-02-20T19:39:18.687773,59,539,345,10,13,79.5,37.899494767189026,0.6955208469590315,0.7692307692307693,0.6115384615384616,0.888268156424581,190.2923076923077,Plastic
2026-02-20T19:39:18.687964,59,550,344,10,12,66.0,36.485281229019165,0.6230435483933648,0.8333333333333334,0.55,0.8516129032258064,186.93333333333334,Plastic
2026-02-20T19:39:18.688126,59,514,342,5,6,17.0,15.656854152679443,0.8714646463829057,0.8333333333333334,0.5666666666666667,0.9714285714285714,202.2,Plastic
2026-02-20T19:39:18.688249,59,555,336,4,5,12.0,14.0,0.7693696294505615,0.8,0.6,1.0,185.2,Plastic
2026-02-20T19:39:18.688380,59,504,334,7,5,20.5,18.242640614509583,0.7740844086099381,1.4,0.5857142857142857,0.9534883720930233,191.05714285714285,Plastic
2026-02-20T19:39:18.688519,59,594,328,10,7,30.5,25.899494767189026,0.5713827421831941,1.4285714285714286,0.4357142857142857,0.8356164383561644,181.78571428571428,Plastic
2026-02-20T19:39:18.688654,59,506,327,7,5,20.5,18.242640614509583,0.7740844086099381,1.4,0.5857142857142857,0.9761904761904762,196.2,Plastic
2026-02-20T19:39:18.688787,59,485,327,5,3,8.0,12.0,0.6981317007977318,1.6666666666666667,0.5333333333333333,1.0,190.4,Plastic
2026-02-20T19:39:18.688901,59,519,321,3,4,6.0,10.0,0.7539822368615503,0.75,0.5,1.0,196.75,Plastic
2026-02-20T19:39:18.689045,59,512,316,5,4,11.0,12.828427076339722,0.8399544390775809,1.25,0.55,1.0,198.3,Plastic
2026-02-20T19:39:18.689188,59,543,315,20,17,233.5,68.87005722522736,0.6186369574207985,1.1764705882352942,0.6867647058823529,0.8648148148148148,189.0235294117647,Other
2026-02-20T19:39:18.689326,59,230,314,7,9,30.5,25.071067690849304,0.6097671788318482,0.7777777777777778,0.48412698412698413,0.8243243243243243,194.4920634920635,Plastic
2026-02-20T19:39:18.689463,59,486,312,6,4,12.5,15.41421353816986,0.6611151885230976,1.5,0.5208333333333334,0.9259259259259259,192.45833333333334,Plastic
2026-02-20T19:39:18.689592,59,487,306,5,3,8.0,12.0,0.6981317007977318,1.6666666666666667,0.5333333333333333,1.0,206.93333333333334,Plastic
2026-02-20T19:39:18.689703,59,543,303,3,4,6.0,10.0,0.7539822368615503,0.75,0.5,1.0,192.41666666666666,Plastic
2026-02-20T19:39:18.689841,59,376,292,16,45,364.5,110.87005722522736,0.3726308895856927,0.35555555555555557,0.50625,0.7838709677419354,183.8375,Other
2026-02-20T19:39:18.689977,59,133,152,4,10,23.0,22.82842707633972,0.5546074798373299,0.4,0.575,0.9387755102040817,190.65,Plastic
2026-02-20T19:39:18.690112,59,195,145,3,4,6.0,10.0,0.7539822368615503,0.75,0.5,1.0,189.25,Plastic
2026-02-20T19:39:18.690242,59,570,141,6,5,19.5,17.41421353816986,0.8080472269221511,1.2,0.65,1.0,182.13333333333333,Plastic
2026-02-20T19:39:18.690375,59,72,141,4,11,27.0,24.82842707633972,0.5503959302095345,0.36363636363636365,0.6136363636363636,0.9642857142857143,224.77272727272728,Plastic
2026-02-20T19:39:18.690511,59,133,139,5,10,27.5,24.242640614509583,0.5880072910717749,0.5,0.55,0.9016393442622951,192.14,Plastic
2026-02-20T19:39:18.690626,59,112,120,3,4,6.0,10.0,0.7539822368615503,0.75,0.5,1.0,188.0,Plastic
2026-02-20T19:39:18.690754,59,518,112,9,8,40.0,26.485281229019165,0.7165733920337162,1.125,0.5555555555555556,0.9195402298850575,196.68055555555554,Plastic
2026-02-20T19:39:18.690886,59,70,106,4,15,39.0,32.82842707633972,0.45475168998524346,0.26666666666666666,0.65,0.975,209.61666666666667,Plastic
2026-02-20T19:39:18.691556,59,593,103,8,6,17.0,21.656854152679443,0.4554786678591771,1.3333333333333333,0.3541666666666667,0.7391304347826086,183.16666666666666,Plastic
2026-02-20T19:39:18.691732,59,98,87,6,22,72.0,48.485281229019165,0.38487749961061624,0.2727272727272727,0.5454545454545454,0.8622754491017964,204.52272727272728,Other
2026-02-20T19:39:18.691874,59,111,82,5,22,65.5,48.24264061450958,0.35366250707304603,0.22727272727272727,0.5954545454545455,0.8851351351351351,194.78181818181818,Other
2026-02-20T19:39:18.692009,59,129,80,4,4,9.0,12.0,0.7853981633974483,1.0,0.5625,1.0,187.75,Plastic
2026-02-20T19:39:18.692145,59,128,69,4,5,10.5,13.41421353816986,0.7332781295132426,0.8,0.525,0.9545454545454546,197.55,Plastic
2026-02-20T19:39:18.692311,59,83,62,4,19,44.0,40.82842707633972,0.3316937150697345,0.21052631578947367,0.5789473684210527,0.9072164948453608,215.85526315789474,Other
2026-02-20T19:39:18.692449,59,187,58,7,12,41.0,29.313708305358887,0.5995869844465257,0.5833333333333334,0.4880952380952381,0.9010989010989011,193.13095238095238,Plastic
2026-02-20T19:39:18.692587,59,493,37,4,4,8.5,11.41421353816986,0.8198545354117053,1.0,0.53125,1.0,188.1875,Plastic
2026-02-20T19:39:18.692700,59,230,26,7,3,12.0,16.0,0.5890486225480862,2.3333333333333335,0.5714285714285714,1.0,188.57142857142858,Plastic
2026-02-20T19:39:18.692841,59,478,0,9,12,53.0,33.31370830535889,0.6001223153195785,0.75,0.49074074074074076,0.8907563025210085,187.50925925925927,Plastic
2026-02-20T19:39:18.692975,59,456,0,14,5,33.0,32.82842707633972,0.38478989152597526,2.8,0.4714285714285714,0.7857142857142857,192.27142857142857,Other
2026-02-20T19:39:18.719716,60,378,399,15,4,31.0,32.82842707633972,0.36146929203955247,3.75,0.5166666666666667,0.8611111111111112,198.53333333333333,Other
2026-02-20T19:39:18.719993,60,514,351,4,4,8.5,11.41421353816986,0.8198545354117053,1.0,0.53125,1.0,199.3125,Plastic
2026-02-20T19:39:18.720208,60,582,347,3,4,6.0,10.0,0.7539822368615503,0.75,0.5,1.0,198.33333333333334,Plastic
2026-02-20T19:39:18.720405,60,539,345,10,13,81.5,38.72792184352875,0.6828402086683367,0.7692307692307693,0.6269230769230769,0.8907103825136612,190.6769230769231,Plastic
2026-02-20T19:39:18.720615,60,551,344,9,12,64.5,35.071067690849304,0.6589790433067789,0.75,0.5972222222222222,0.8835616438356164,190.19444444444446,Plastic
2026-02-20T19:39:18.720825,60,514,343,5,5,14.5,14.242640614509583,0.8982491906543908,1.0,0.58,1.0,204.0,Plastic
2026-02-20T19:39:18.721030,60,555,336,5,5,16.0,16.0,0.7853981633974483,1.0,0.64,1.0,186.2,Plastic
2026-02-20T19:39:18.721239,60,504,334,7,5,20.5,18.242640614509583,0.7740844086099381,1.4,0.5857142857142857,0.9534883720930233,192.02857142857144,Plastic
2026-02-20T19:39:18.721421,60,594,328,10,7,38.0,26.485281229019165,0.6807447224320303,1.4285714285714286,0.5428571428571428,0.8941176470588236,182.14285714285714,Plastic
2026-02-20T19:39:18.721597,60,506,327,7,5,20.5,18.242640614509583,0.7740844086099381,1.4,0.5857142857142857,0.9534883720930233,195.77142857142857,Plastic
2026-02-20T19:39:18.721876,60,486,327,4,3,6.0,10.0,0.7539822368615503,1.3333333333333333,0.5,1.0,188.66666666666666,Plastic
2026-02-20T19:39:18.722057,60,512,316,5,4,11.0,12.828427076339722,0.8399544390775809,1.25,0.55,1.0,197.1,Plastic
2026-02-20T19:39:18.722257,60,543,315,20,17,232.5,68.87005722522736,0.6159875486095745,1.1764705882352942,0.6838235294117647,0.862708719851577,188.77058823529413,Other
2026-02-20T19:39:18.722439,60,230,315,6,9,28.0,22.485281109809875,0.6959391244437427,0.6666666666666666,0.5185185185185185,0.9180327868852459,205.92592592592592,Plastic
2026-02-20T19:39:18.722615,60,486,312,6,4,13.0,14.828427076339722,0.7429559153356595,1.5,0.5416666666666666,0.9629629629629629,192.16666666666666,Plastic
2026-02-20T19:39:18.722810,60,487,306,5,3,8.0,12.0,0.6981317007977318,1.6666666666666667,0.5333333333333333,1.0,205.6,Plastic
2026-02-20T19:39:18.723000,60,375,292,16,45,360.5,109.69848430156708,0.3764557015765523,0.35555555555555557,0.5006944444444444,0.8011111111111111,182.9986111111111,Other
2026-02-20T19:39:18.723153,60,138,164,4,4,8.0,10.828427076339722,0.8573716100878628,1.0,0.5,1.0,184.4375,Plastic
2026-02-20T19:39:18.723286,60,133,152,4,10,21.0,22.82842707633972,0.5063807424601708,0.4,0.525,0.8936170212765957,189.9,Plastic
2026-02-20T19:39:18.723398,60,195,146,3,4,6.0,10.0,0.7539822368615503,0.75,0.5,1.0,188.5,Plastic
2026-02-20T19:39:18.723528,60,72,141,4,11,27.0,24.82842707633972,0.5503959302095345,0.36363636363636365,0.6136363636363636,0.9642857142857143,225.45454545454547,Plastic
2026-02-20T19:39:18.723689,60,133,139,4,10,24.5,23.41421353816986,0.5615866804358102,0.4,0.6125,0.9607843137254902,195.85,Plastic
2026-02-20T19:39:18.723800,60,112,120,3,4,6.0,10.0,0.7539822368615503,0.75,0.5,1.0,188.0,Plastic
2026-02-20T19:39:18.723933,60,517,112,10,8,42.5,27.899494767189026,0.6861295387942145,1.25,0.53125,0.8854166666666666,194.925,Plastic
2026-02-20T19:39:18.724067,60,70,107,4,14,38.0,30.82842707633972,0.5024475432775541,0.2857142857142857,0.6785714285714286,1.0,210.46428571428572,Plastic
2026-02-20T19:39:18.724222,60,593,103,8,6,17.0,21.656854152679443,0.4554786678591771,1.3333333333333333,0.3541666666666667,0.7391304347826086,183.25,Plastic
2026-02-20T19:39:18.724355,60,98,88,6,21,71.0,46.485281229019165,0.41289277866788615,0.2857142857142857,0.5634920634920635,0.8765432098765432,205.87301587301587,Other
2026-02-20T19:39:18.724488,60,111,83,5,21,63.5,46.24264061450958,0.3731627952997039,0.23809523809523808,0.6047619047619047,0.8943661971830986,195.14285714285714,Other
2026-02-20T19:39:18.724604,60,199,80,3,4,6.0,10.0,0.7539822368615503,0.75,0.5,1.0,196.25,Plastic
2026-02-20T19:39:18.724730,60,129,80,4,10,21.0,22.82842707633972,0.5063807424601708,0.4,0.525,0.8936170212765957,184.225,Plastic
2026-02-20T19:39:18.724882,60,128,70,4,5,11.0,12.828427076339722,0.8399544390775809,0.8,0.55,1.0,198.0,Plastic
2026-02-20T19:39:18.725042,60,151,69,4,4,8.5,11.41421353816986,0.8198545354117053,1.0,0.53125,1.0,198.875,Plastic
2026-02-20T19:39:18.725186,60,83,62,4,19,45.0,40.82842707633972,0.3392322085940467,0.21052631578947367,0.5921052631578947,0.9183673469387755,216.68421052631578,Other
2026-02-20T19:39:18.725331,60,187,58,7,12,45.5,29.899494767189026,0.639578065471695,0.5833333333333334,0.5416666666666666,0.9479166666666666,193.60714285714286,Plastic
2026-02-20T19:39:18.725450,60,468,40,4,3,6.0,10.0,0.7539822368615503,1.3333333333333333,0.5,1.0,191.0,Plastic
2026-02-20T19:39:18.725580,60,493,37,4,4,8.5,11.41421353816986,0.8198545354117053,1.0,0.53125,1.0,188.1875,Plastic
2026-02-20T19:39:18.725707,60,232,26,5,3,8.0,12.0,0.6981317007977318,1.6666666666666667,0.5333333333333333,1.0,188.73333333333332,Plastic
2026-02-20T19:39:18.725845,60,478,0,9,12,53.0,33.31370830535889,0.6001223153195785,0.75,0.49074074074074076,0.8833333333333333,187.1851851851852,Plastic
2026-02-20T19:39:18.725978,60,456,0,14,5,32.5,32.24264061450958,0.39285476029576055,2.8,0.4642857142857143,0.8024691358024691,192.67142857142858,Other
2026-02-20T19:39:18.749857,61,377,400,16,3,30.0,34.0,0.3261168844556878,5.333333333333333,0.625,1.0,204.20833333333334,Other
2026-02-20T19:39:18.750172,61,514,351,4,5,11.0,12.828427076339722,0.8399544390775809,0.8,0.55,1.0,199.75,Plastic
2026-02-20T19:39:18.750385,61,582,347,3,4,6.0,10.0,0.7539822368615503,0.75,0.5,1.0,199.08333333333334,Plastic
2026-02-20T19:39:18.750655,61,539,345,10,13,81.5,38.72792184352875,0.6828402086683367,0.7692307692307693,0.6269230769230769,0.8907103825136612,191.26153846153846,Plastic
2026-02-20T19:39:18.750919,61,515,343,4,5,11.5,13.41421353816986,0.8031141418478369,0.8,0.575,1.0,203.15,Plastic
2026-02-20T19:39:18.751169,61,551,336,9,20,90.0,52.14213538169861,0.4159822002181032,0.45,0.5,0.7792207792207793,183.84444444444443,Other
2026-02-20T19:39:18.751345,61,504,334,7,5,20.5,18.242640614509583,0.7740844086099381,1.4,0.5857142857142857,0.9534883720930233,192.2,Plastic
2026-02-20T19:39:18.751485,61,594,328,10,7,40.0,26.485281229019165,0.7165733920337162,1.4285714285714286,0.5714285714285714,0.9090909090909091,182.27142857142857,Plastic
2026-02-20T19:39:18.751623,61,506,327,7,5,20.5,18.242640614509583,0.7740844086099381,1.4,0.5857142857142857,0.9534883720930233,195.85714285714286,Plastic
2026-02-20T19:39:18.751743,61,513,317,4,3,6.0,10.0,0.7539822368615503,1.3333333333333333,0.5,1.0,200.75,Plastic
2026-02-20T19:39:18.751879,61,230,316,7,8,26.0,22.485281109809875,0.6462291869834754,0.875,0.4642857142857143,0.8524590163934426,195.0,Plastic
2026-02-20T19:39:18.752035,61,543,315,20,17,233.0,69.4558436870575,0.6069434134918287,1.1764705882352942,0.6852941176470588,0.8645640074211502,188.97941176470587,Other
2026-02-20T19:39:18.752182,61,486,306,6,10,25.5,29.071067690849304,0.3791648586615151,0.6,0.425,0.6710526315789473,189.23333333333332,Other
2026-02-20T19:39:18.752317,61,543,303,4,4,8.5,11.41421353816986,0.8198545354117053,1.0,0.53125,1.0,194.125,Plastic
2026-02-20T19:39:18.752455,61,374,297,16,41,357.5,101.69848430156708,0.43436712621004026,0.3902439024390244,0.5449695121951219,0.8382180539273154,185.51829268292684,Other
2026-02-20T19:39:18.752595,61,521,180,4,4,8.0,10.828427076339722,0.8573716100878628,1.0,0.5,1.0,190.0625,Plastic
2026-02-20T19:39:18.752739,61,133,153,4,10,21.0,22.82842707633972,0.5063807424601708,0.4,0.525,0.8936170212765957,190.25,Plastic
2026-02-20T19:39:18.752853,61,195,146,3,4,6.0,10.0,0.7539822368615503,0.75,0.5,1.0,188.91666666666666,Plastic
2026-02-20T19:39:18.752982,61,72,141,4,12,30.0,26.82842707633972,0.5237700925094588,0.3333333333333333,0.625,0.967741935483871,222.25,Plastic
2026-02-20T19:39:18.753131,61,133,139,4,10,24.5,23.41421353816986,0.5615866804358102,0.4,0.6125,0.9607843137254902,196.025,Plastic
2026-02-20T19:39:18.753246,61,633,138,4,3,6.0,10.0,0.7539822368615503,1.3333333333333333,0.5,1.0,182.41666666666666,Plastic
2026-02-20T19:39:18.753378,61,125,118,3,8,14.0,18.0,0.5429913228426803,0.375,0.5833333333333334,1.0,198.58333333333334,Plastic
2026-02-20T19:39:18.753529,61,517,113,9,7,38.5,25.071067690849304,0.7697061109844641,1.2857142857142858,0.6111111111111112,0.9390243902439024,200.0,Plastic
2026-02-20T19:39:18.753660,61,70,107,4,14,38.0,30.82842707633972,0.5024475432775541,0.2857142857142857,0.6785714285714286,1.0,210.76785714285714,Plastic
2026-02-20T19:39:18.753791,61,593,103,8,6,17.0,21.656854152679443,0.4554786678591771,1.3333333333333333,0.3541666666666667,0.7391304347826086,183.58333333333334,Plastic
2026-02-20T19:39:18.753924,61,98,89,5,21,68.0,45.65685415267944,0.40992726770585264,0.23809523809523808,0.6476190476190476,0.9315068493150684,212.93333333333334,Other
2026-02-20T19:39:18.754075,61,111,82,5,22,61.0,47.65685415267944,0.3375117968048674,0.22727272727272727,0.5545454545454546,0.8776978417266187,193.8181818181818,Other
2026-02-20T19:39:18.754200,61,199,80,3,4,6.0,10.0,0.7539822368615503,0.75,0.5,1.0,192.58333333333334,Plastic
2026-02-20T19:39:18.754310,61,151,70,4,3,6.0,10.0,0.7539822368615503,1.3333333333333333,0.5,1.0,202.08333333333334,Plastic
2026-02-20T19:39:18.754437,61,128,70,3,5,8.0,12.0,0.6981317007977318,0.6,0.5333333333333333,1.0,203.8,Plastic
2026-02-20T19:39:18.754563,61,83,62,4,19,46.0,40.82842707633972,0.3467707021183588,0.21052631578947367,0.6052631578947368,0.9292929292929293,216.28947368421052,Other
2026-02-20T19:39:18.754808,61,187,58,7,13,47.0,32.14213538169861,0.5716869386226523,0.5384615384615384,0.5164835164835165,0.8952380952380953,193.16483516483515,Plastic
2026-02-20T19:39:18.754949,61,449,55,4,4,8.0,10.828427076339722,0.8573716100878628,1.0,0.5,1.0,183.6875,Plastic
2026-02-20T19:39:18.755510,61,492,37,5,4,11.0,12.828427076339722,0.8399544390775809,1.25,0.55,1.0,187.75,Plastic
2026-02-20T19:39:18.755638,61,240,26,4,3,6.0,10.0,0.7539822368615503,1.3333333333333333,0.5,1.0,190.33333333333334,Plastic
2026-02-20T19:39:18.755778,61,478,0,9,12,53.0,33.31370830535889,0.6001223153195785,0.75,0.49074074074074076,0.8833333333333333,187.49074074074073,Plastic
2026-02-20T19:39:18.755910,61,456,0,15,5,34.5,34.24264061450958,0.36973831989155326,3.0,0.46,0.7931034482758621,192.68,Other
2026-02-20T19:39:18.782358,62,376,400,17,3,32.0,36.0,0.310280755910103,5.666666666666667,0.6274509803921569,1.0,203.80392156862746,Other
2026-02-20T19:39:18.782671,62,514,351,4,5,11.0,12.828427076339722,0.8399544390775809,0.8,0.55,1.0,199.55,Plastic
2026-02-20T19:39:18.782907,62,582,347,3,4,6.0,10.0,0.7539822368615503,0.75,0.5,1.0,199.16666666666666,Plastic
2026-02-20T19:39:18.783156,62,539,345,10,13,81.0,38.14213538169861,0.6996565049874384,0.7692307692307693,0.6230769230769231,0.8950276243093923,190.83846153846153,Plastic
2026-02-20T19:39:18.783419,62,515,343,4,5,11.5,13.41421353816986,0.8031141418478369,0.8,0.575,1.0,203.9,Plastic
2026-02-20T19:39:18.783719,62,551,337,9,19,88.0,48.14213526248932,0.47713561905529217,0.47368421052631576,0.5146198830409356,0.8148148148148148,183.92397660818713,Plastic
2026-02-20T19:39:18.784025,62,504,334,7,5,20.5,18.242640614509583,0.7740844086099381,1.4,0.5857142857142857,0.9534883720930233,192.4857142857143,Plastic
2026-02-20T19:39:18.784273,62,594,328,11,7,41.0,28.485281229019165,0.6349692554625865,1.5714285714285714,0.5324675324675324,0.8817204301075269,182.15584415584416,Plastic
2026-02-20T19:39:18.784506,62,506,327,7,5,21.0,18.82842707633972,0.7443909379207413,1.4,0.6,0.9545454545454546,195.62857142857143,Plastic
2026-02-20T19:39:18.784678,62,513,317,4,3,6.0,10.0,0.7539822368615503,1.3333333333333333,0.5,1.0,200.16666666666666,Plastic
2026-02-20T19:39:18.784825,62,230,316,6,8,24.5,21.071067690849304,0.6934303786354583,0.75,0.5104166666666666,0.8909090909090909,207.4375,Plastic
2026-02-20T19:39:18.784973,62,543,315,20,17,237.0,67.4558436870575,0.6545141696201647,1.1764705882352942,0.6970588235294117,0.8794063079777366,189.3735294117647,Other
2026-02-20T19:39:18.785117,62,486,306,7,10,34.0,30.485281229019165,0.4597358482519814,0.7,0.4857142857142857,0.7311827956989247,188.65714285714284,Plastic
2026-02-20T19:39:18.785239,62,543,303,3,4,6.0,10.0,0.7539822368615503,0.75,0.5,1.0,192.5,Plastic
2026-02-20T19:39:18.785380,62,372,296,17,43,368.5,106.52691113948822,0.4080643806270153,0.3953488372093023,0.5041039671682627,0.805464480874317,183.75239398084815,Other
2026-02-20T19:39:18.785531,62,521,180,4,4,8.5,11.41421353816986,0.8198545354117053,1.0,0.53125,1.0,190.1875,Plastic
2026-02-20T19:39:18.785769,62,133,153,3,10,18.0,22.0,0.4673443616910436,0.3,0.6,1.0,198.4,Plastic
2026-02-20T19:39:18.785965,62,72,142,4,12,30.0,26.82842707633972,0.5237700925094588,0.3333333333333333,0.625,0.967741935483871,222.1875,Plastic
2026-02-20T19:39:18.786111,62,133,140,4,10,24.0,22.82842707633972,0.5787208485259095,0.4,0.6,0.96,194.125,Plastic
2026-02-20T19:39:18.786248,62,517,113,9,8,42.0,26.485281229019165,0.752402061635402,1.125,0.5833333333333334,0.9230769230769231,196.43055555555554,Plastic
2026-02-20T19:39:18.786370,62,70,108,4,13,36.0,30.0,0.5026548245743669,0.3076923076923077,0.6923076923076923,1.0,211.19230769230768,Plastic
2026-02-20T19:39:18.786502,62,593,103,7,6,13.5,20.242640614509583,0.41400854317029684,1.1666666666666667,0.32142857142857145,0.675,183.73809523809524,Other
2026-02-20T19:39:18.786638,62,98,90,5,20,69.0,43.65685415267944,0.4549399535890322,0.25,0.69,0.965034965034965,215.09,Plastic
2026-02-20T19:39:18.786772,62,110,84,5,21,65.5,47.071067690849304,0.37148652520996994,0.23809523809523808,0.6238095238095238,0.891156462585034,195.1809523809524,Other
2026-02-20T19:39:18.786924,62,128,71,3,4,6.0,10.0,0.7539822368615503,0.75,0.5,1.0,204.5,Plastic
2026-02-20T19:39:18.787122,62,151,70,4,4,8.5,11.41421353816986,0.8198545354117053,1.0,0.53125,1.0,195.9375,Plastic
2026-02-20T19:39:18.787338,62,83,63,4,19,47.0,40.82842707633972,0.354309195642671,0.21052631578947367,0.618421052631579,0.94,216.22368421052633,Other
2026-02-20T19:39:18.787543,62,187,60,6,10,37.0,25.656854152679443,0.7063253237697841,0.6,0.6166666666666667,0.961038961038961,200.8,Plastic
2026-02-20T19:39:18.787775,62,492,37,4,4,8.5,11.41421353816986,0.8198545354117053,1.0,0.53125,1.0,189.125,Plastic
2026-02-20T19:39:18.787979,62,478,0,9,12,53.0,33.31370830535889,0.6001223153195785,0.75,0.49074074074074076,0.8833333333333333,187.82407407407408,Plastic
2026-02-20T19:39:18.788139,62,456,0,14,5,38.0,31.656854033470154,0.47649456698469084,2.8,0.5428571428571428,0.8941176470588236,195.6,Plastic
